La2Fe2S5,11 publications,orthorhombic,36  spacegroup,0  band gap,http://apps.webofknowledge.com/Search.do?product=UA&SID=%223Eil4cK4zWNilvv7Jk1%22&search_mode=GeneralSearch&prID=24168697-351e-4e84-bb34-25478761e3d9,"=HYPERLINK(""C:\Users\eager55\Desktop\webScrape\searchWoK\searchWoKResults\sulfides\La2Fe2S5.png"",""Word Cloud"")"

"=HYPERLINK(""http://pubs.acs.org/doi/abs/10.1021/ic0521372"",""metal(1)"")","=HYPERLINK(""http://www.sciencedirect.com/science/article/pii/S030488530601746X"",""metal(1)"")"
"=HYPERLINK(""http://pubs.acs.org/doi/abs/10.1021/ic0521372"",""magnet(2)"")","=HYPERLINK(""http://www.sciencedirect.com/science/article/pii/S1293255804002882"",""magnet(1)"")","=HYPERLINK(""http://www.sciencedirect.com/science/article/pii/S030488530601746X"",""magnet(3)"")"
"=HYPERLINK(""http://pubs.acs.org/doi/abs/10.1021/ic0521372"",""\d K(1)"")","=HYPERLINK(""http://www.sciencedirect.com/science/article/pii/S1293255804002882"",""\d K(3)"")","=HYPERLINK(""http://www.sciencedirect.com/science/article/pii/S030488530601746X"",""\d K(3)"")"
"=HYPERLINK(""http://pubs.acs.org/doi/abs/10.1021/ic0521372"",""susceptibility(1)"")","=HYPERLINK(""http://www.sciencedirect.com/science/article/pii/S1293255804002882"",""susceptibility(1)"")","=HYPERLINK(""http://www.sciencedirect.com/science/article/pii/S030488530601746X"",""susceptibility(1)"")"
"=HYPERLINK(""http://www.sciencedirect.com/science/article/pii/S030488530601746X"",""neutron(1)"")"


La3Fe2S7,0 publications,hexagonal,173  spacegroup,0  band gap,http://apps.webofknowledge.com/UA_GeneralSearch_input.do?SID=%221CmEWEdqXdJZeSAvzZU%22&product=UA&search_mode=GeneralSearch&errorQid=1,"=HYPERLINK(""C:\Users\eager55\Desktop\webScrape\searchWoK\searchWoKResults\sulfides\La3Fe2S7.png"",""Word Cloud"")"



Ba3CrS5,1 publications,hexagonal,185  spacegroup,0  band gap,http://apps.webofknowledge.com/Search.do?product=UA&SID=%223DawB9Z8n9ddUuSXPOY%22&search_mode=GeneralSearch&prID=8353b373-b270-493d-892c-c222db174f91,"=HYPERLINK(""C:\Users\eager55\Desktop\webScrape\searchWoK\searchWoKResults\sulfides\Ba3CrS5.png"",""Word Cloud"")"

"=HYPERLINK(""http://www.sciencedirect.com/science/article/pii/S0022459603003980"",""metal(1)"")"


Ba6Fe8S15,8 publications,tetragonal,87  spacegroup,0  band gap,http://apps.webofknowledge.com/Search.do?product=UA&SID=%223BQC47TFWWUCJkVJSLs%22&search_mode=GeneralSearch&prID=b51fb36f-57b7-4cb6-915d-a17cb32358b8,"=HYPERLINK(""C:\Users\eager55\Desktop\webScrape\searchWoK\searchWoKResults\sulfides\Ba6Fe8S15.png"",""Word Cloud"")"

"=HYPERLINK(""http://journals.aps.org/prb/abstract/10.1103/PhysRevB.84.214511"",""superconduct(1)"")"
"=HYPERLINK(""http://journals.aps.org/prb/abstract/10.1103/PhysRevB.84.214511"",""conduct(2)"")","=HYPERLINK(""http://journals.aps.org/prb/abstract/10.1103/PhysRevB.84.245132"",""conduct(3)"")","=HYPERLINK(""http://pubs.acs.org/doi/abs/10.1021/cm0000346"",""conduct(2)"")"
"=HYPERLINK(""http://pubs.acs.org/doi/abs/10.1021/cm0000346"",""resist(2)"")"
"=HYPERLINK(""http://journals.aps.org/prb/abstract/10.1103/PhysRevB.84.214511"",""magnet(2)"")","=HYPERLINK(""http://journals.aps.org/prb/abstract/10.1103/PhysRevB.84.245132"",""magnet(3)"")","=HYPERLINK(""http://pubs.acs.org/doi/abs/10.1021/cm0000346"",""magnet(8)"")","=HYPERLINK(""http://www.sciencedirect.com/science/article/pii/S0925838804004451"",""magnet(2)"")","=HYPERLINK(""http://onlinelibrary.wiley.com/doi/10.1002/ejic.201402805/abstract;jsessionid=D7374D13E54128510703117B4C60AB58.f04t01"",""magnet(5)"")","=HYPERLINK(""http://journals.aps.org/prb/abstract/10.1103/PhysRevB.91.064303"",""magnet(1)"")"
"=HYPERLINK(""http://journals.aps.org/prb/abstract/10.1103/PhysRevB.84.214511"",""\d K(4)"")","=HYPERLINK(""http://journals.aps.org/prb/abstract/10.1103/PhysRevB.84.245132"",""\d K(2)"")","=HYPERLINK(""http://pubs.acs.org/doi/abs/10.1021/cm0000346"",""\d K(2)"")","=HYPERLINK(""http://www.sciencedirect.com/science/article/pii/S0925838804004451"",""\d K(3)"")","=HYPERLINK(""http://onlinelibrary.wiley.com/doi/10.1002/ejic.201402805/abstract;jsessionid=D7374D13E54128510703117B4C60AB58.f04t01"",""\d K(1)"")","=HYPERLINK(""http://journals.aps.org/prb/abstract/10.1103/PhysRevB.91.064303"",""\d K(2)"")","=HYPERLINK(""N/A"",""\d K(2)"")"
"=HYPERLINK(""http://journals.aps.org/prb/abstract/10.1103/PhysRevB.84.214511"",""neutron(1)"")","=HYPERLINK(""http://journals.aps.org/prb/abstract/10.1103/PhysRevB.84.245132"",""neutron(1)"")"


BaFe2S3,7 publications,orthorhombic,63  spacegroup,0  band gap,http://apps.webofknowledge.com/Search.do?product=UA&SID=%224CHVgJsHTSRHZQvs3Zd%22&search_mode=GeneralSearch&prID=aab627a8-e605-4bb2-9177-74240ff53703,"=HYPERLINK(""C:\Users\eager55\Desktop\webScrape\searchWoK\searchWoKResults\sulfides\BaFe2S3.png"",""Word Cloud"")"

"=HYPERLINK(""http://journals.aps.org/prb/abstract/10.1103/PhysRevB.84.245132"",""conduct(3)"")"
"=HYPERLINK(""http://journals.aps.org/prb/abstract/10.1103/PhysRevB.84.245132"",""magnet(3)"")","=HYPERLINK(""http://link.springer.com/article/10.1007%2Fs10751-006-9442-y"",""magnet(1)"")","=HYPERLINK(""http://www.sciencedirect.com/science/article/pii/S0925838804004451"",""magnet(2)"")","=HYPERLINK(""http://journals.aps.org/prb/abstract/10.1103/PhysRevB.91.064303"",""magnet(1)"")"
"=HYPERLINK(""http://journals.aps.org/prb/abstract/10.1103/PhysRevB.84.245132"",""\d K(2)"")","=HYPERLINK(""http://link.springer.com/article/10.1007%2Fs10751-006-9442-y"",""\d K(4)"")","=HYPERLINK(""http://www.sciencedirect.com/science/article/pii/S0925838804004451"",""\d K(3)"")","=HYPERLINK(""http://journals.aps.org/prb/abstract/10.1103/PhysRevB.91.064303"",""\d K(2)"")","=HYPERLINK(""N/A"",""\d K(2)"")"
"=HYPERLINK(""http://journals.aps.org/prb/abstract/10.1103/PhysRevB.84.245132"",""neutron(1)"")"


"Ba7(Fe3S7)2, Ba7Fe6S14",0 publications,monoclinic,15  spacegroup,0  band gap,http://apps.webofknowledge.com/UA_GeneralSearch_input.do?SID=%223B52hx6WcwKA7WFhCDK%22&product=UA&search_mode=GeneralSearch&errorQid=1,"=HYPERLINK(""C:\Users\eager55\Desktop\webScrape\searchWoK\searchWoKResults\sulfides\Ba7(Fe3S7)2, Ba7Fe6S14.png"",""Word Cloud"")"



"Ba(FeS2)2, BaFe2S4",8 publications,"tetragonal, tetragonal, tetragonal","97, 79, 87  spacegroup","0, 0, 0  band gap",http://apps.webofknowledge.com/Search.do?product=UA&SID=%223CCP1nPaA5IU9ldsuuX%22&search_mode=GeneralSearch&prID=09c83823-d4e2-4672-8a03-cfee9f80d8d1,"=HYPERLINK(""C:\Users\eager55\Desktop\webScrape\searchWoK\searchWoKResults\sulfides\Ba(FeS2)2, BaFe2S4.png"",""Word Cloud"")"

"=HYPERLINK(""N/A"",""conduct(2)"")","=HYPERLINK(""http://journals.aps.org/prb/abstract/10.1103/PhysRevB.84.245211"",""conduct(1)"")","=HYPERLINK(""http://www.sciencedirect.com/science/article/pii/S0009254111003421"",""conduct(1)"")"
"=HYPERLINK(""N/A"",""metal(5)"")","=HYPERLINK(""http://journals.aps.org/prb/abstract/10.1103/PhysRevB.84.245211"",""metal(2)"")","=HYPERLINK(""http://link.springer.com/article/10.1023%2FA%3A1004646326407"",""metal(4)"")"
"=HYPERLINK(""http://link.springer.com/article/10.1023%2FA%3A1004646326407"",""\d K(1)"")"


BaCoS2,31 publications,tetragonal,129  spacegroup,0  band gap,http://apps.webofknowledge.com/Search.do?product=UA&SID=%221CkYmKg9nBAumbJjm6k%22&search_mode=GeneralSearch&prID=e655a56f-11a4-4095-b8f5-59ecdcda8406,"=HYPERLINK(""C:\Users\eager55\Desktop\webScrape\searchWoK\searchWoKResults\sulfides\BaCoS2.png"",""Word Cloud"")"

"=HYPERLINK(""http://journals.aps.org/prb/abstract/10.1103/PhysRevB.54.11265"",""superconduct(1)"")","=HYPERLINK(""http://www.sciencedirect.com/science/article/pii/S0921452699012399"",""superconduct(1)"")"
"=HYPERLINK(""http://journals.aps.org/prl/abstract/10.1103/PhysRevLett.71.125"",""conduct(1)"")","=HYPERLINK(""http://www.sciencedirect.com/science/article/pii/S0022459684713806"",""conduct(1)"")","=HYPERLINK(""http://journals.aps.org/prb/abstract/10.1103/PhysRevB.54.11265"",""conduct(2)"")","=HYPERLINK(""http://journals.aps.org/prb/abstract/10.1103/PhysRevB.62.12792"",""conduct(1)"")","=HYPERLINK(""http://journals.aps.org/prb/abstract/10.1103/PhysRevB.59.8745"",""conduct(1)"")","=HYPERLINK(""http://journals.aps.org/prb/abstract/10.1103/PhysRevB.63.115113"",""conduct(1)"")","=HYPERLINK(""http://onlinelibrary.wiley.com/doi/10.1002/chem.19970031121/abstract;jsessionid=6B49F14577063A08ADA678B9EA55CE24.f04t04"",""conduct(1)"")","=HYPERLINK(""http://pubs.acs.org/doi/abs/10.1021/cm970604a"",""conduct(1)"")","=HYPERLINK(""http://journals.aps.org/prb/abstract/10.1103/PhysRevB.73.104426"",""conduct(1)"")","=HYPERLINK(""http://journals.jps.jp/doi/abs/10.1143/JPSJ.68.3016"",""conduct(2)"")","=HYPERLINK(""http://www.sciencedirect.com/science/article/pii/S0921452699012399"",""conduct(1)"")"
"=HYPERLINK(""http://journals.aps.org/prl/abstract/10.1103/PhysRevLett.71.125"",""resist(1)"")","=HYPERLINK(""http://journals.aps.org/prb/abstract/10.1103/PhysRevB.55.12375"",""resist(1)"")","=HYPERLINK(""http://journals.aps.org/prb/abstract/10.1103/PhysRevB.62.12792"",""resist(1)"")","=HYPERLINK(""http://journals.aps.org/prb/abstract/10.1103/PhysRevB.59.8745"",""resist(2)"")","=HYPERLINK(""http://onlinelibrary.wiley.com/doi/10.1002/chem.19970031121/abstract;jsessionid=6B49F14577063A08ADA678B9EA55CE24.f04t04"",""resist(3)"")","=HYPERLINK(""http://pubs.acs.org/doi/abs/10.1021/cm970604a"",""resist(1)"")","=HYPERLINK(""http://journals.aps.org/prb/abstract/10.1103/PhysRevB.73.104426"",""resist(1)"")","=HYPERLINK(""http://journals.jps.jp/doi/abs/10.1143/JPSJ.68.3016"",""resist(3)"")","=HYPERLINK(""http://www.sciencedirect.com/science/article/pii/0925838896023407"",""resist(1)"")","=HYPERLINK(""http://www.sciencedirect.com/science/article/pii/S0921452699012399"",""resist(1)"")","=HYPERLINK(""http://www.sciencedirect.com/science/article/pii/S0921452698006024"",""resist(1)"")"
"=HYPERLINK(""http://journals.aps.org/prl/abstract/10.1103/PhysRevLett.71.125"",""metal(3)"")","=HYPERLINK(""http://journals.aps.org/prb/abstract/10.1103/PhysRevB.54.11265"",""metal(3)"")","=HYPERLINK(""http://journals.jps.jp/doi/abs/10.1143/JPSJ.64.2533"",""metal(1)"")","=HYPERLINK(""http://journals.aps.org/prb/abstract/10.1103/PhysRevB.55.12375"",""metal(2)"")","=HYPERLINK(""http://journals.aps.org/prb/abstract/10.1103/PhysRevB.62.12792"",""metal(3)"")","=HYPERLINK(""http://journals.aps.org/prb/abstract/10.1103/PhysRevB.63.045111"",""metal(2)"")","=HYPERLINK(""http://journals.jps.jp/doi/abs/10.1143/JPSJ.68.1313"",""metal(3)"")","=HYPERLINK(""http://journals.aps.org/prb/abstract/10.1103/PhysRevB.63.115113"",""metal(1)"")","=HYPERLINK(""http://onlinelibrary.wiley.com/doi/10.1002/chem.19970031121/abstract;jsessionid=6B49F14577063A08ADA678B9EA55CE24.f04t04"",""metal(1)"")","=HYPERLINK(""http://journals.jps.jp/doi/abs/10.1143/JPSJ.67.4235"",""metal(2)"")","=HYPERLINK(""http://pubs.acs.org/doi/abs/10.1021/cm970604a"",""metal(1)"")","=HYPERLINK(""http://journals.aps.org/prb/abstract/10.1103/PhysRevB.73.104426"",""metal(2)"")","=HYPERLINK(""http://journals.jps.jp/doi/abs/10.1143/JPSJ.68.3016"",""metal(3)"")","=HYPERLINK(""http://pubs.acs.org/doi/abs/10.1021/ic201773e"",""metal(2)"")","=HYPERLINK(""http://www.sciencedirect.com/science/article/pii/S0921452699012399"",""metal(4)"")","=HYPERLINK(""http://www.sciencedirect.com/science/article/pii/S0022369799000785"",""metal(2)"")","=HYPERLINK(""http://link.springer.com/article/10.1134%2FS1063783412090314"",""metal(2)"")"
"=HYPERLINK(""http://www.sciencedirect.com/science/article/pii/S0022459684713806"",""insulator(1)"")","=HYPERLINK(""http://journals.aps.org/prb/abstract/10.1103/PhysRevB.54.11265"",""insulator(1)"")","=HYPERLINK(""http://journals.aps.org/prb/abstract/10.1103/PhysRevB.55.12375"",""insulator(2)"")","=HYPERLINK(""http://journals.aps.org/prb/abstract/10.1103/PhysRevB.62.12792"",""insulator(1)"")","=HYPERLINK(""http://scitation.aip.org/content/aip/journal/jap/81/8/10.1063/1.365182"",""insulator(1)"")","=HYPERLINK(""http://journals.aps.org/prb/abstract/10.1103/PhysRevB.63.045111"",""insulator(2)"")","=HYPERLINK(""http://journals.aps.org/prb/abstract/10.1103/PhysRevB.59.8745"",""insulator(1)"")","=HYPERLINK(""http://journals.jps.jp/doi/abs/10.1143/JPSJ.68.1313"",""insulator(2)"")","=HYPERLINK(""http://journals.aps.org/prb/abstract/10.1103/PhysRevB.63.115113"",""insulator(1)"")","=HYPERLINK(""http://journals.jps.jp/doi/abs/10.1143/JPSJ.67.4235"",""insulator(1)"")","=HYPERLINK(""http://www.sciencedirect.com/science/article/pii/S0921452699012399"",""insulator(2)"")","=HYPERLINK(""http://www.sciencedirect.com/science/article/pii/S0022369799000785"",""insulator(1)"")","=HYPERLINK(""http://link.springer.com/article/10.1134%2FS1063783412090314"",""insulator(2)"")","=HYPERLINK(""http://www.sciencedirect.com/science/article/pii/S0921452698006024"",""insulator(1)"")"
"=HYPERLINK(""http://journals.aps.org/prl/abstract/10.1103/PhysRevLett.71.125"",""doped(1)"")","=HYPERLINK(""http://journals.aps.org/prb/abstract/10.1103/PhysRevB.62.12792"",""doped(1)"")","=HYPERLINK(""http://journals.jps.jp/doi/abs/10.1143/JPSJ.68.3016"",""doped(1)"")"
"=HYPERLINK(""http://journals.aps.org/prl/abstract/10.1103/PhysRevLett.71.125"",""magnet(4)"")","=HYPERLINK(""http://journals.jps.jp/doi/abs/10.1143/JPSJ.65.1782"",""magnet(1)"")","=HYPERLINK(""http://www.sciencedirect.com/science/article/pii/S0022459684713806"",""magnet(3)"")","=HYPERLINK(""http://journals.aps.org/prb/abstract/10.1103/PhysRevB.54.11265"",""magnet(8)"")","=HYPERLINK(""http://journals.aps.org/prb/abstract/10.1103/PhysRevB.55.12375"",""magnet(4)"")","=HYPERLINK(""http://journals.aps.org/prb/abstract/10.1103/PhysRevB.62.12792"",""magnet(4)"")","=HYPERLINK(""http://www.sciencedirect.com/science/article/pii/S0022459696903771"",""magnet(1)"")","=HYPERLINK(""http://scitation.aip.org/content/aip/journal/jap/81/8/10.1063/1.365182"",""magnet(4)"")","=HYPERLINK(""http://journals.aps.org/prb/abstract/10.1103/PhysRevB.59.8745"",""magnet(5)"")","=HYPERLINK(""http://journals.jps.jp/doi/abs/10.1143/JPSJ.68.1313"",""magnet(1)"")","=HYPERLINK(""http://journals.aps.org/prb/abstract/10.1103/PhysRevB.63.115113"",""magnet(2)"")","=HYPERLINK(""http://onlinelibrary.wiley.com/doi/10.1002/chem.19970031121/abstract;jsessionid=6B49F14577063A08ADA678B9EA55CE24.f04t04"",""magnet(1)"")","=HYPERLINK(""http://journals.jps.jp/doi/abs/10.1143/JPSJ.67.4235"",""magnet(2)"")","=HYPERLINK(""http://pubs.acs.org/doi/abs/10.1021/cm970604a"",""magnet(1)"")","=HYPERLINK(""http://journals.aps.org/prb/abstract/10.1103/PhysRevB.73.104426"",""magnet(4)"")","=HYPERLINK(""http://journals.jps.jp/doi/abs/10.1143/JPSJ.68.3016"",""magnet(3)"")","=HYPERLINK(""http://www.sciencedirect.com/science/article/pii/0925838896023407"",""magnet(1)"")","=HYPERLINK(""http://link.springer.com/article/10.1134%2FS1063783411050325"",""magnet(2)"")","=HYPERLINK(""http://www.sciencedirect.com/science/article/pii/S0921452699012399"",""magnet(3)"")","=HYPERLINK(""http://www.sciencedirect.com/science/article/pii/S0022369799000785"",""magnet(1)"")","=HYPERLINK(""http://link.springer.com/article/10.1134%2FS1063783412090314"",""magnet(3)"")","=HYPERLINK(""http://journals.jps.jp/doi/abs/10.1143/JPSJ.69.3408"",""magnet(3)"")","=HYPERLINK(""http://www.sciencedirect.com/science/article/pii/S0921452698006024"",""magnet(1)"")"
"=HYPERLINK(""http://journals.jps.jp/doi/abs/10.1143/JPSJ.65.1782"",""\d K(2)"")","=HYPERLINK(""http://www.sciencedirect.com/science/article/pii/S0022459684713806"",""\d K(1)"")","=HYPERLINK(""http://journals.aps.org/prb/abstract/10.1103/PhysRevB.55.12375"",""\d K(1)"")","=HYPERLINK(""http://www.sciencedirect.com/science/article/pii/S0022459696903771"",""\d K(1)"")","=HYPERLINK(""http://scitation.aip.org/content/aip/journal/jap/81/8/10.1063/1.365182"",""\d K(3)"")","=HYPERLINK(""http://onlinelibrary.wiley.com/doi/10.1002/chem.19970031121/abstract;jsessionid=6B49F14577063A08ADA678B9EA55CE24.f04t04"",""\d K(6)"")","=HYPERLINK(""http://pubs.acs.org/doi/abs/10.1021/cm970604a"",""\d K(6)"")","=HYPERLINK(""http://journals.aps.org/prb/abstract/10.1103/PhysRevB.73.104426"",""\d K(1)"")","=HYPERLINK(""http://www.sciencedirect.com/science/article/pii/S0921452699012399"",""\d K(1)"")","=HYPERLINK(""http://link.springer.com/article/10.1134%2FS1063783412090314"",""\d K(1)"")"
"=HYPERLINK(""http://link.springer.com/article/10.1134%2FS1063783412090314"",""DMFT(1)"")"
"=HYPERLINK(""http://journals.aps.org/prb/abstract/10.1103/PhysRevB.54.11265"",""band structure(1)"")","=HYPERLINK(""http://journals.jps.jp/doi/abs/10.1143/JPSJ.64.2533"",""band structure(1)"")","=HYPERLINK(""http://onlinelibrary.wiley.com/doi/10.1002/chem.19970031121/abstract;jsessionid=6B49F14577063A08ADA678B9EA55CE24.f04t04"",""band structure(1)"")"
"=HYPERLINK(""http://journals.aps.org/prb/abstract/10.1103/PhysRevB.62.12792"",""susceptibility(1)"")","=HYPERLINK(""http://www.sciencedirect.com/science/article/pii/S0022459696903771"",""susceptibility(1)"")","=HYPERLINK(""http://scitation.aip.org/content/aip/journal/jap/81/8/10.1063/1.365182"",""susceptibility(2)"")","=HYPERLINK(""http://onlinelibrary.wiley.com/doi/10.1002/chem.19970031121/abstract;jsessionid=6B49F14577063A08ADA678B9EA55CE24.f04t04"",""susceptibility(3)"")","=HYPERLINK(""http://pubs.acs.org/doi/abs/10.1021/cm970604a"",""susceptibility(1)"")","=HYPERLINK(""http://journals.aps.org/prb/abstract/10.1103/PhysRevB.73.104426"",""susceptibility(1)"")","=HYPERLINK(""http://journals.jps.jp/doi/abs/10.1143/JPSJ.68.3016"",""susceptibility(1)"")","=HYPERLINK(""http://www.sciencedirect.com/science/article/pii/0925838896023407"",""susceptibility(1)"")"
"=HYPERLINK(""http://journals.jps.jp/doi/abs/10.1143/JPSJ.65.1782"",""neutron(1)"")","=HYPERLINK(""http://journals.aps.org/prb/abstract/10.1103/PhysRevB.55.12375"",""neutron(1)"")","=HYPERLINK(""http://scitation.aip.org/content/aip/journal/jap/81/8/10.1063/1.365182"",""neutron(3)"")"
"=HYPERLINK(""http://journals.aps.org/prb/abstract/10.1103/PhysRevB.55.12375"",""x-ray(1)"")"


BaNiS2,22 publications,tetragonal,129  spacegroup,0  band gap,http://apps.webofknowledge.com/Search.do?product=UA&SID=%224BqezZl9aCF3RvxnjmQ%22&search_mode=GeneralSearch&prID=fe636cd6-28e5-4a01-ba85-3e7a3bafa71c,"=HYPERLINK(""C:\Users\eager55\Desktop\webScrape\searchWoK\searchWoKResults\sulfides\BaNiS2.png"",""Word Cloud"")"

"=HYPERLINK(""N/A"",""superconduct(1)"")","=HYPERLINK(""http://journals.aps.org/prb/abstract/10.1103/PhysRevB.54.11265"",""superconduct(1)"")","=HYPERLINK(""N/A"",""superconduct(1)"")"
"=HYPERLINK(""http://www.sciencedirect.com/science/article/pii/S0022459684713806"",""conduct(1)"")","=HYPERLINK(""N/A"",""conduct(1)"")","=HYPERLINK(""http://journals.aps.org/prb/abstract/10.1103/PhysRevB.54.11265"",""conduct(2)"")","=HYPERLINK(""N/A"",""conduct(1)"")","=HYPERLINK(""http://journals.aps.org/prb/abstract/10.1103/PhysRevB.73.104426"",""conduct(1)"")"
"=HYPERLINK(""http://journals.aps.org/prb/abstract/10.1103/PhysRevB.73.104426"",""resist(1)"")","=HYPERLINK(""http://www.sciencedirect.com/science/article/pii/0925838896023407"",""resist(1)"")","=HYPERLINK(""http://jp4.journaldephysique.org/articles/jp4/abs/1993/02/jp4199303C256/jp4199303C256.html"",""resist(3)"")"
"=HYPERLINK(""N/A"",""metal(1)"")","=HYPERLINK(""http://journals.aps.org/prb/abstract/10.1103/PhysRevB.54.11265"",""metal(3)"")","=HYPERLINK(""http://journals.jps.jp/doi/abs/10.1143/JPSJ.64.2533"",""metal(1)"")","=HYPERLINK(""http://journals.aps.org/prb/abstract/10.1103/PhysRevB.52.10097"",""metal(2)"")","=HYPERLINK(""http://journals.aps.org/prb/abstract/10.1103/PhysRevB.63.045111"",""metal(2)"")","=HYPERLINK(""http://www.sciencedirect.com/science/article/pii/S0022369798002352"",""metal(2)"")","=HYPERLINK(""N/A"",""metal(3)"")","=HYPERLINK(""http://journals.aps.org/prb/abstract/10.1103/PhysRevB.73.104426"",""metal(2)"")","=HYPERLINK(""http://jp4.journaldephysique.org/articles/jp4/abs/1993/02/jp4199303C256/jp4199303C256.html"",""metal(1)"")","=HYPERLINK(""http://www.sciencedirect.com/science/article/pii/S0368204897001965"",""metal(1)"")","=HYPERLINK(""http://link.springer.com/article/10.1134%2FS1063783412090314"",""metal(2)"")","=HYPERLINK(""http://www.worldscientific.com/doi/abs/10.1142/S0218625X02003627"",""metal(4)"")"
"=HYPERLINK(""http://www.sciencedirect.com/science/article/pii/S0022459684713806"",""insulator(1)"")","=HYPERLINK(""N/A"",""insulator(1)"")","=HYPERLINK(""http://journals.aps.org/prb/abstract/10.1103/PhysRevB.54.11265"",""insulator(1)"")","=HYPERLINK(""http://journals.aps.org/prb/abstract/10.1103/PhysRevB.52.10097"",""insulator(1)"")","=HYPERLINK(""http://journals.aps.org/prb/abstract/10.1103/PhysRevB.63.045111"",""insulator(2)"")","=HYPERLINK(""N/A"",""insulator(1)"")","=HYPERLINK(""http://link.springer.com/article/10.1134%2FS1063783412090314"",""insulator(2)"")","=HYPERLINK(""http://www.worldscientific.com/doi/abs/10.1142/S0218625X02003627"",""insulator(1)"")"
"=HYPERLINK(""http://journals.aps.org/prb/abstract/10.1103/PhysRevB.52.10097"",""doped(1)"")"
"=HYPERLINK(""http://www.sciencedirect.com/science/article/pii/S0022459684713806"",""magnet(3)"")","=HYPERLINK(""http://journals.aps.org/prb/abstract/10.1103/PhysRevB.54.11265"",""magnet(8)"")","=HYPERLINK(""http://journals.aps.org/prb/abstract/10.1103/PhysRevB.52.10097"",""magnet(3)"")","=HYPERLINK(""N/A"",""magnet(1)"")","=HYPERLINK(""http://journals.aps.org/prb/abstract/10.1103/PhysRevB.73.104426"",""magnet(4)"")","=HYPERLINK(""http://www.sciencedirect.com/science/article/pii/0925838896023407"",""magnet(1)"")","=HYPERLINK(""http://jp4.journaldephysique.org/articles/jp4/abs/1993/02/jp4199303C256/jp4199303C256.html"",""magnet(2)"")","=HYPERLINK(""http://link.springer.com/article/10.1134%2FS1063783411050325"",""magnet(2)"")","=HYPERLINK(""http://link.springer.com/article/10.1134%2FS1063783412090314"",""magnet(3)"")","=HYPERLINK(""http://www.worldscientific.com/doi/abs/10.1142/S0218625X02003627"",""magnet(2)"")","=HYPERLINK(""http://journals.jps.jp/doi/abs/10.1143/JPSJ.69.3408"",""magnet(3)"")"
"=HYPERLINK(""http://www.sciencedirect.com/science/article/pii/S0022459684713806"",""\d K(1)"")","=HYPERLINK(""http://journals.aps.org/prb/abstract/10.1103/PhysRevB.52.10097"",""\d K(2)"")","=HYPERLINK(""http://journals.aps.org/prb/abstract/10.1103/PhysRevB.73.104426"",""\d K(1)"")","=HYPERLINK(""http://jp4.journaldephysique.org/articles/jp4/abs/1993/02/jp4199303C256/jp4199303C256.html"",""\d K(4)"")","=HYPERLINK(""http://link.springer.com/article/10.1134%2FS1063783412090314"",""\d K(1)"")"
"=HYPERLINK(""http://link.springer.com/article/10.1134%2FS1063783412090314"",""DMFT(1)"")"
"=HYPERLINK(""http://journals.aps.org/prb/abstract/10.1103/PhysRevB.54.11265"",""band structure(1)"")","=HYPERLINK(""http://journals.jps.jp/doi/abs/10.1143/JPSJ.64.2533"",""band structure(1)"")","=HYPERLINK(""http://www.sciencedirect.com/science/article/pii/S0368204897001965"",""band structure(1)"")","=HYPERLINK(""http://www.sciencedirect.com/science/article/pii/S0375960197005653"",""band structure(1)"")"
"=HYPERLINK(""http://journals.aps.org/prb/abstract/10.1103/PhysRevB.73.104426"",""susceptibility(1)"")","=HYPERLINK(""http://www.sciencedirect.com/science/article/pii/0925838896023407"",""susceptibility(1)"")","=HYPERLINK(""http://jp4.journaldephysique.org/articles/jp4/abs/1993/02/jp4199303C256/jp4199303C256.html"",""susceptibility(1)"")"


"K3(VS2)5, K3V5S10",2 publications,triclinic,1  spacegroup,0  band gap,http://apps.webofknowledge.com/Search.do?product=UA&SID=%222B9gniyyYxJ5LLqmGmI%22&search_mode=GeneralSearch&prID=cc838fd8-bb88-4397-bafe-63f6ec42daf7,"=HYPERLINK(""C:\Users\eager55\Desktop\webScrape\searchWoK\searchWoKResults\sulfides\K3(VS2)5, K3V5S10.png"",""Word Cloud"")"

"=HYPERLINK(""N/A"",""band structure(1)"")"


"K(V5S8)2, KV10S16",5 publications,monoclinic,13  spacegroup,0  band gap,http://apps.webofknowledge.com/Search.do?product=UA&SID=%222EGRNEFGc45nCHj46C9%22&search_mode=GeneralSearch&prID=6d88f634-8aea-4877-96e2-868402c2d1b8,"=HYPERLINK(""C:\Users\eager55\Desktop\webScrape\searchWoK\searchWoKResults\sulfides\K(V5S8)2, KV10S16.png"",""Word Cloud"")"

"=HYPERLINK(""http://www.sciencedirect.com/science/article/pii/S0022369702002585"",""conduct(1)"")"
"=HYPERLINK(""N/A"",""resist(3)"")","=HYPERLINK(""http://www.sciencedirect.com/science/article/pii/S0022369702002585"",""resist(1)"")"
"=HYPERLINK(""http://journals.jps.jp/doi/abs/10.1143/JPSJ.69.2763"",""metal(1)"")","=HYPERLINK(""http://www.sciencedirect.com/science/article/pii/S0020169300828704"",""metal(1)"")","=HYPERLINK(""http://www.sciencedirect.com/science/article/pii/S0022369702002585"",""metal(3)"")"
"=HYPERLINK(""http://journals.jps.jp/doi/abs/10.1143/JPSJ.69.2763"",""insulator(1)"")","=HYPERLINK(""http://www.sciencedirect.com/science/article/pii/S0022369702002585"",""insulator(1)"")"
"=HYPERLINK(""http://journals.jps.jp/doi/abs/10.1143/JPSJ.69.2763"",""magnet(3)"")","=HYPERLINK(""http://www.sciencedirect.com/science/article/pii/S0022459699981689"",""magnet(6)"")","=HYPERLINK(""N/A"",""magnet(2)"")","=HYPERLINK(""http://www.sciencedirect.com/science/article/pii/S0022369702002585"",""magnet(2)"")"
"=HYPERLINK(""http://journals.jps.jp/doi/abs/10.1143/JPSJ.69.2763"",""\d K(2)"")","=HYPERLINK(""http://www.sciencedirect.com/science/article/pii/S0020169300828704"",""\d K(1)"")","=HYPERLINK(""http://www.sciencedirect.com/science/article/pii/S0022459699981689"",""\d K(1)"")","=HYPERLINK(""N/A"",""\d K(1)"")","=HYPERLINK(""http://www.sciencedirect.com/science/article/pii/S0022369702002585"",""\d K(1)"")"
"=HYPERLINK(""http://www.sciencedirect.com/science/article/pii/S0022459699981689"",""susceptibility(1)"")","=HYPERLINK(""N/A"",""susceptibility(1)"")"
"=HYPERLINK(""http://journals.jps.jp/doi/abs/10.1143/JPSJ.69.2763"",""neutron(1)"")","=HYPERLINK(""http://www.sciencedirect.com/science/article/pii/S0022459699981689"",""neutron(2)"")"


K2Mn3S4,2 publications,monoclinic,13  spacegroup,0  band gap,http://apps.webofknowledge.com/Search.do?product=UA&SID=%222A8SxkjirSvNek9jtma%22&search_mode=GeneralSearch&prID=4a9a9698-083f-487d-a629-eaf110cc6ee7,"=HYPERLINK(""C:\Users\eager55\Desktop\webScrape\searchWoK\searchWoKResults\sulfides\K2Mn3S4.png"",""Word Cloud"")"



KFeS2,46 publications,monoclinic,15  spacegroup,0  band gap,http://apps.webofknowledge.com/Search.do?product=UA&SID=%222EDxYvnI3R626qJC8Kw%22&search_mode=GeneralSearch&prID=862a1dba-5c32-4e66-b0ec-734405aa27d9,"=HYPERLINK(""C:\Users\eager55\Desktop\webScrape\searchWoK\searchWoKResults\sulfides\KFeS2.png"",""Word Cloud"")"

"=HYPERLINK(""N/A"",""conduct(2)"")","=HYPERLINK(""http://journals.aps.org/prb/abstract/10.1103/PhysRevB.65.014433"",""conduct(1)"")","=HYPERLINK(""N/A"",""conduct(1)"")","=HYPERLINK(""http://iopscience.iop.org/1347-4065/43/1R/188/"",""conduct(2)"")"
"=HYPERLINK(""http://journals.aps.org/prb/abstract/10.1103/PhysRevB.65.014433"",""resist(2)"")","=HYPERLINK(""http://www.sciencedirect.com/science/article/pii/037967799403087M"",""resist(1)"")","=HYPERLINK(""N/A"",""resist(2)"")","=HYPERLINK(""http://iopscience.iop.org/1347-4065/35/2R/648/"",""resist(3)"")","=HYPERLINK(""http://iopscience.iop.org/1347-4065/43/1R/188/"",""resist(2)"")"
"=HYPERLINK(""http://dx.doi.org/10.1021/ic00062a010"",""metal(6)"")","=HYPERLINK(""http://journals.aps.org/prb/abstract/10.1103/PhysRevB.65.014433"",""metal(1)"")","=HYPERLINK(""http://dx.doi.org/10.1021/ic801264n"",""metal(1)"")","=HYPERLINK(""http://www.sciencedirect.com/science/article/pii/002245969580056U"",""metal(3)"")","=HYPERLINK(""http://www.sciencedirect.com/science/article/pii/037967799403087M"",""metal(2)"")","=HYPERLINK(""N/A"",""metal(1)"")","=HYPERLINK(""http://iopscience.iop.org/1347-4065/35/2R/648/"",""metal(4)"")","=HYPERLINK(""http://iopscience.iop.org/1347-4065/43/1R/188/"",""metal(5)"")"
"=HYPERLINK(""N/A"",""magnet(6)"")","=HYPERLINK(""http://journals.aps.org/prb/abstract/10.1103/PhysRevB.65.014433"",""magnet(5)"")","=HYPERLINK(""http://journals.aps.org/prb/abstract/10.1103/PhysRevB.45.12319"",""magnet(1)"")","=HYPERLINK(""http://journals.aps.org/prb/abstract/10.1103/PhysRevB.56.7812"",""magnet(6)"")","=HYPERLINK(""http://www.sciencedirect.com/science/article/pii/S0038109896006175"",""magnet(4)"")","=HYPERLINK(""http://www.sciencedirect.com/science/article/pii/037967799403087M"",""magnet(1)"")","=HYPERLINK(""N/A"",""magnet(1)"")","=HYPERLINK(""http://www.sciencedirect.com/science/article/pii/092145269290710A"",""magnet(2)"")","=HYPERLINK(""http://www.sciencedirect.com/science/article/pii/S0304885303011508"",""magnet(2)"")","=HYPERLINK(""http://link.springer.com/article/10.1007%2FBF02845887"",""magnet(8)"")","=HYPERLINK(""N/A"",""magnet(1)"")","=HYPERLINK(""http://www.sciencedirect.com/science/article/pii/092145269290689P"",""magnet(1)"")"
"=HYPERLINK(""N/A"",""\d K(1)"")","=HYPERLINK(""http://journals.aps.org/prb/abstract/10.1103/PhysRevB.65.014433"",""\d K(2)"")","=HYPERLINK(""http://journals.aps.org/prb/abstract/10.1103/PhysRevB.45.12319"",""\d K(1)"")","=HYPERLINK(""http://journals.aps.org/prb/abstract/10.1103/PhysRevB.56.7812"",""\d K(2)"")","=HYPERLINK(""http://www.sciencedirect.com/science/article/pii/S0038109896006175"",""\d K(3)"")","=HYPERLINK(""N/A"",""\d K(1)"")","=HYPERLINK(""http://link.springer.com/article/10.1007%2FBF02845887"",""\d K(4)"")","=HYPERLINK(""http://iopscience.iop.org/1347-4065/35/2R/648/"",""\d K(1)"")"
"=HYPERLINK(""http://journals.aps.org/prb/abstract/10.1103/PhysRevB.65.014433"",""susceptibility(2)"")","=HYPERLINK(""http://journals.aps.org/prb/abstract/10.1103/PhysRevB.56.7812"",""susceptibility(3)"")","=HYPERLINK(""http://www.sciencedirect.com/science/article/pii/S0038109896006175"",""susceptibility(3)"")","=HYPERLINK(""http://www.sciencedirect.com/science/article/pii/037967799403087M"",""susceptibility(1)"")","=HYPERLINK(""N/A"",""susceptibility(1)"")","=HYPERLINK(""http://www.sciencedirect.com/science/article/pii/092145269290710A"",""susceptibility(1)"")","=HYPERLINK(""http://www.sciencedirect.com/science/article/pii/S0304885303011508"",""susceptibility(1)"")","=HYPERLINK(""http://link.springer.com/article/10.1007%2FBF02845887"",""susceptibility(8)"")","=HYPERLINK(""http://iopscience.iop.org/1347-4065/35/2R/648/"",""susceptibility(1)"")"
"=HYPERLINK(""http://journals.aps.org/prb/abstract/10.1103/PhysRevB.45.12319"",""neutron(2)"")","=HYPERLINK(""http://www.sciencedirect.com/science/article/pii/092145269290710A"",""neutron(1)"")","=HYPERLINK(""http://www.sciencedirect.com/science/article/pii/092145269290689P"",""neutron(1)"")"


KFe2S3,14 publications,orthorhombic,63  spacegroup,0  band gap,http://apps.webofknowledge.com/Search.do?product=UA&SID=%223Dvkkz9kKXfjmL6Dhwt%22&search_mode=GeneralSearch&prID=84a55676-d1d1-4278-bc04-abdeba87a22b,"=HYPERLINK(""C:\Users\eager55\Desktop\webScrape\searchWoK\searchWoKResults\sulfides\KFe2S3.png"",""Word Cloud"")"

"=HYPERLINK(""http://link.springer.com/article/10.1007%2Fs10751-006-9442-y"",""magnet(1)"")"
"=HYPERLINK(""http://link.springer.com/article/10.1007%2Fs10751-006-9442-y"",""\d K(4)"")","=HYPERLINK(""http://www.mdpi.com/2073-4352/2/4/1434"",""\d K(1)"")"


"K3(FeS2)2, K3Fe2S4",1 publications,orthorhombic,62  spacegroup,0  band gap,http://apps.webofknowledge.com/Search.do?product=UA&SID=%221AnP6DVH6uVckRjVNj3%22&search_mode=GeneralSearch&prID=a14d2d9c-ef01-49b5-8ab0-2edcfe716435,"=HYPERLINK(""C:\Users\eager55\Desktop\webScrape\searchWoK\searchWoKResults\sulfides\K3(FeS2)2, K3Fe2S4.png"",""Word Cloud"")"



K2CoS2,1 publications,orthorhombic,72  spacegroup,0  band gap,http://apps.webofknowledge.com/Search.do?product=UA&SID=%223BPXH94zFUNYHHrkoky%22&search_mode=GeneralSearch&prID=87b0830f-faca-477d-a737-db42c10132a1,"=HYPERLINK(""C:\Users\eager55\Desktop\webScrape\searchWoK\searchWoKResults\sulfides\K2CoS2.png"",""Word Cloud"")"



"K(CoS)2, KCo2S2",5879 publications,tetragonal,139  spacegroup,0  band gap,http://apps.webofknowledge.com/Search.do?product=UA&SID=%224EbyLYvHYvDkXziBBgD%22&search_mode=GeneralSearch&prID=8bfaeb0e-e7ef-4956-8cd6-e2e435597cb7,"=HYPERLINK(""C:\Users\eager55\Desktop\webScrape\searchWoK\searchWoKResults\sulfides\K(CoS)2, KCo2S2.png"",""Word Cloud"")"

"=HYPERLINK(""http://linkinghub.elsevier.com/retrieve/pii/0304885394016488"",""conduct(1)"")","=HYPERLINK(""http://emboj.embopress.org/content/16/17/5464"",""conduct(2)"")","=HYPERLINK(""http://www.pnas.org/content/97/14/8151"",""conduct(1)"")","=HYPERLINK(""http://www.jbc.org/content/275/13/9340"",""conduct(1)"")"
"=HYPERLINK(""http://linkinghub.elsevier.com/retrieve/pii/0304885394016488"",""resist(4)"")","=HYPERLINK(""http://www.nature.com/nature/journal/v427/n6974/full/nature02214.html"",""resist(3)"")"
"=HYPERLINK(""http://pubs.acs.org/doi/abs/10.1021/ja010059l"",""metal(1)"")"
"=HYPERLINK(""http://linkinghub.elsevier.com/retrieve/pii/0304885394016488"",""insulator(1)"")","=HYPERLINK(""http://www.sciencedirect.com/science/article/pii/0022369795002693"",""insulator(1)"")"
"=HYPERLINK(""http://www.sciencedirect.com/science/article/pii/0022369795002693"",""doped(1)"")"
"=HYPERLINK(""http://linkinghub.elsevier.com/retrieve/pii/0304885394016488"",""magnet(5)"")","=HYPERLINK(""http://www.sciencedirect.com/science/article/pii/0022369795002693"",""magnet(1)"")"
"=HYPERLINK(""http://linkinghub.elsevier.com/retrieve/pii/0304885394016488"",""\d K(3)"")"
"=HYPERLINK(""http://www.sciencedirect.com/science/article/pii/0022369795002693"",""band structure(1)"")"


"K(NiS)2, KNi2S2",202 publications,tetragonal,139  spacegroup,0  band gap,http://apps.webofknowledge.com/Search.do?product=UA&SID=%222Da1hIInVWbasF9SZK8%22&search_mode=GeneralSearch&prID=7eb432f1-a6e3-4ae5-b3f8-1896102299d0,"=HYPERLINK(""C:\Users\eager55\Desktop\webScrape\searchWoK\searchWoKResults\sulfides\K(NiS)2, KNi2S2.png"",""Word Cloud"")"

"=HYPERLINK(""http://scitation.aip.org/content/aip/journal/apl/68/14/10.1063/1.115651"",""superconduct(1)"")","=HYPERLINK(""http://iopscience.iop.org/0295-5075/24/9/010/"",""superconduct(1)"")"
"=HYPERLINK(""http://dx.doi.org/10.2337/diacare.26.3.770"",""conduct(3)"")","=HYPERLINK(""http://scitation.aip.org/content/aip/journal/apl/68/14/10.1063/1.115651"",""conduct(1)"")","=HYPERLINK(""http://www.crossref.org/iPage?doi=10.2113%2Fgscanmin.43.6.1811"",""conduct(1)"")","=HYPERLINK(""http://onlinelibrary.wiley.com/doi/10.1113/jphysiol.2004.071548/abstract;jsessionid=C16C1EC2421E381085E543AC337E3B90.f03t01"",""conduct(1)"")","=HYPERLINK(""http://www.sciencedirect.com/science/article/pii/S0040609004017171"",""conduct(2)"")","=HYPERLINK(""http://iopscience.iop.org/0295-5075/24/9/010/"",""conduct(1)"")","=HYPERLINK(""http://www.sciencedirect.com/science/article/pii/S003810989900277X"",""conduct(3)"")"
"=HYPERLINK(""http://scitation.aip.org/content/aip/journal/apl/68/14/10.1063/1.115651"",""resist(1)"")","=HYPERLINK(""http://www.sciencedirect.com/science/article/pii/S016816050000372X"",""resist(4)"")","=HYPERLINK(""http://pubs.acs.org/doi/abs/10.1021/ic000819d"",""resist(1)"")","=HYPERLINK(""http://www.sciencedirect.com/science/article/pii/S0040609004017171"",""resist(2)"")"
"=HYPERLINK(""http://scitation.aip.org/content/aip/journal/apl/68/14/10.1063/1.115651"",""metal(1)"")","=HYPERLINK(""http://dx.doi.org/10.1093/carcin/22.1.115"",""metal(5)"")","=HYPERLINK(""http://www.crossref.org/iPage?doi=10.2113%2Fgscanmin.43.6.1811"",""metal(2)"")","=HYPERLINK(""http://www.sciencedirect.com/science/article/pii/S0022328X97000739"",""metal(2)"")","=HYPERLINK(""N/A"",""metal(2)"")","=HYPERLINK(""http://pubs.acs.org/doi/abs/10.1021/jp027802w"",""metal(1)"")","=HYPERLINK(""http://www.sciencedirect.com/science/article/pii/S0016703799002781"",""metal(1)"")","=HYPERLINK(""http://www.sciencedirect.com/science/article/pii/S0021951799925885"",""metal(1)"")","=HYPERLINK(""http://pubs.acs.org/doi/abs/10.1021/ar200156r"",""metal(9)"")","=HYPERLINK(""http://pubs.rsc.org/en/Content/ArticleLanding/2009/CE/b900444k"",""metal(1)"")","=HYPERLINK(""http://pubs.acs.org/doi/abs/10.1021/ic000819d"",""metal(1)"")","=HYPERLINK(""http://dx.doi.org/10.1016/S0016-7037(00)01416-3"",""metal(2)"")","=HYPERLINK(""http://link.springer.com/article/10.1023%2FA%3A1019089002041"",""metal(1)"")","=HYPERLINK(""http://www.sciencedirect.com/science/article/pii/S0925838897003216"",""metal(3)"")","=HYPERLINK(""http://dx.doi.org/10.1021/ic100163g"",""metal(1)"")","=HYPERLINK(""http://pubs.acs.org/doi/abs/10.1021/jp073525n"",""metal(3)"")","=HYPERLINK(""http://www.sciencedirect.com/science/article/pii/S003810989900277X"",""metal(4)"")","=HYPERLINK(""http://www.minersoc.org/pages/Archive-MM/Volume_58/58-391-223.pdf"",""metal(1)"")"
"=HYPERLINK(""http://scitation.aip.org/content/aip/journal/apl/68/14/10.1063/1.115651"",""insulator(1)"")"
"=HYPERLINK(""http://www.sciencedirect.com/science/article/pii/S003810989900277X"",""doped(1)"")"
"=HYPERLINK(""http://onlinelibrary.wiley.com/doi/10.1002/chem.200304939/abstract;jsessionid=4CA7D05470F57BB17A824176ADDC8150.f01t02"",""magnet(7)"")","=HYPERLINK(""http://link.springer.com/article/10.1007%2Fs100510170038"",""magnet(1)"")","=HYPERLINK(""http://pubs.rsc.org/en/Content/ArticleLanding/2009/CE/b900444k"",""magnet(1)"")","=HYPERLINK(""http://pubs.acs.org/doi/abs/10.1021/ic000819d"",""magnet(3)"")","=HYPERLINK(""http://dx.doi.org/10.1016/S0016-7037(00)01416-3"",""magnet(1)"")","=HYPERLINK(""http://www.sciencedirect.com/science/article/pii/S0040609004017171"",""magnet(1)"")","=HYPERLINK(""http://link.springer.com/article/10.1023%2FA%3A1005246220208"",""magnet(1)"")","=HYPERLINK(""http://www.sciencedirect.com/science/article/pii/S0925838897003216"",""magnet(4)"")","=HYPERLINK(""http://dx.doi.org/10.1021/ic100163g"",""magnet(7)"")"
"=HYPERLINK(""http://onlinelibrary.wiley.com/doi/10.1002/chem.200390143/abstract;jsessionid=9A01C58C9DF670A4EAD86ACDB27732D4.f01t03"",""\d K(1)"")","=HYPERLINK(""http://www.sciencedirect.com/science/article/pii/S030101040000224X"",""\d K(1)"")","=HYPERLINK(""http://journals.aps.org/prl/abstract/10.1103/PhysRevLett.86.1351"",""\d K(1)"")","=HYPERLINK(""http://pubs.acs.org/doi/abs/10.1021/jp972037k"",""\d K(1)"")","=HYPERLINK(""http://www.sciencedirect.com/science/article/pii/S0920586106006432"",""\d K(1)"")","=HYPERLINK(""http://pubs.acs.org/doi/abs/10.1021/jp027802w"",""\d K(2)"")","=HYPERLINK(""http://dx.doi.org/10.1051/0004-6361:20021628"",""\d K(1)"")","=HYPERLINK(""http://link.springer.com/article/10.1007%2Fs100510170038"",""\d K(1)"")","=HYPERLINK(""http://www.sciencedirect.com/science/article/pii/S0021951799925885"",""\d K(1)"")","=HYPERLINK(""N/A"",""\d K(1)"")","=HYPERLINK(""http://pubs.rsc.org/en/Content/ArticleLanding/2009/CE/b900444k"",""\d K(1)"")","=HYPERLINK(""http://pubs.acs.org/doi/abs/10.1021/ic000819d"",""\d K(1)"")","=HYPERLINK(""http://www.sciencedirect.com/science/article/pii/S0040609004017171"",""\d K(1)"")","=HYPERLINK(""http://www.sciencedirect.com/science/article/pii/S0926860X07000051"",""\d K(1)"")","=HYPERLINK(""http://link.springer.com/article/10.1023%2FA%3A1019089002041"",""\d K(1)"")","=HYPERLINK(""http://pubs.acs.org/doi/abs/10.1021/ja016239c"",""\d K(4)"")","=HYPERLINK(""http://www.sciencedirect.com/science/article/pii/S0925838897003216"",""\d K(1)"")","=HYPERLINK(""http://iopscience.iop.org/0295-5075/24/9/010/"",""\d K(2)"")","=HYPERLINK(""http://www.sciencedirect.com/science/article/pii/S003810989900277X"",""\d K(2)"")"
"=HYPERLINK(""http://link.springer.com/article/10.1007%2Fs100510170038"",""DFT(2)"")","=HYPERLINK(""http://pubs.acs.org/doi/abs/10.1021/ar200156r"",""DFT(1)"")"
"=HYPERLINK(""N/A"",""band structure(1)"")","=HYPERLINK(""http://www.sciencedirect.com/science/article/pii/S0040609004017171"",""band structure(1)"")"
"=HYPERLINK(""http://link.springer.com/article/10.1007%2Fs100510170038"",""susceptibility(1)"")","=HYPERLINK(""http://pubs.acs.org/doi/abs/10.1021/ic000819d"",""susceptibility(2)"")"
"=HYPERLINK(""http://dx.doi.org/10.1021/ic100163g"",""NMR(2)"")"
"=HYPERLINK(""http://www.sciencedirect.com/science/article/pii/S030101040000224X"",""neutron(1)"")","=HYPERLINK(""http://iopscience.iop.org/0295-5075/24/9/010/"",""neutron(1)"")"


"Ba5(FeS2)9, Ba5Fe9S18",0 publications,tetragonal,130  spacegroup,0.0005  band gap,http://apps.webofknowledge.com/UA_GeneralSearch_input.do?SID=%224DsmasSPS4PTsEgeGxu%22&product=UA&search_mode=GeneralSearch&errorQid=1,"=HYPERLINK(""C:\Users\eager55\Desktop\webScrape\searchWoK\searchWoKResults\sulfides\Ba5(FeS2)9, Ba5Fe9S18.png"",""Word Cloud"")"



"Sr(FeS2)2, SrFe2S4",10 publications,"orthorhombic, orthorhombic","50, 50  spacegroup","0.0021, 0.0021  band gap",http://apps.webofknowledge.com/Search.do?product=UA&SID=%223EOVkCqSRN8AFuaVTpq%22&search_mode=GeneralSearch&prID=0f657cda-1a69-4ddc-9ecc-06a52ba672c7,"=HYPERLINK(""C:\Users\eager55\Desktop\webScrape\searchWoK\searchWoKResults\sulfides\Sr(FeS2)2, SrFe2S4.png"",""Word Cloud"")"

"=HYPERLINK(""N/A"",""conduct(2)"")","=HYPERLINK(""http://journals.aps.org/prb/abstract/10.1103/PhysRevB.84.245211"",""conduct(1)"")","=HYPERLINK(""http://onlinelibrary.wiley.com/doi/10.1111/boj.12175/abstract;jsessionid=22260863B085213826BF4EEB1583ED85.f03t03"",""conduct(2)"")"
"=HYPERLINK(""http://onlinelibrary.wiley.com/doi/10.1111/boj.12175/abstract;jsessionid=22260863B085213826BF4EEB1583ED85.f03t03"",""resist(1)"")"
"=HYPERLINK(""N/A"",""metal(5)"")","=HYPERLINK(""http://journals.aps.org/prb/abstract/10.1103/PhysRevB.84.245211"",""metal(2)"")"
"=HYPERLINK(""N/A"",""magnet(1)"")"
"=HYPERLINK(""N/A"",""NMR(1)"")"


Ba3FeS5,4 publications,orthorhombic,62  spacegroup,0.003  band gap,http://apps.webofknowledge.com/Search.do?product=UA&SID=%224CQnk7rknKzihblPzY1%22&search_mode=GeneralSearch&prID=70d2eb26-d29b-4b1a-802c-48ef9ee1adf0,"=HYPERLINK(""C:\Users\eager55\Desktop\webScrape\searchWoK\searchWoKResults\sulfides\Ba3FeS5.png"",""Word Cloud"")"

"=HYPERLINK(""http://pubs.acs.org/doi/abs/10.1021/ic102597y"",""conduct(1)"")","=HYPERLINK(""http://www.sciencedirect.com/science/article/pii/S0022459613006208"",""conduct(1)"")"
"=HYPERLINK(""http://pubs.acs.org/doi/abs/10.1021/ic102597y"",""magnet(4)"")","=HYPERLINK(""http://www.sciencedirect.com/science/article/pii/S0022459613006208"",""magnet(4)"")"
"=HYPERLINK(""http://pubs.acs.org/doi/abs/10.1021/ic102597y"",""\d K(2)"")","=HYPERLINK(""http://www.sciencedirect.com/science/article/pii/S0022459613006208"",""\d K(3)"")"


"K(V5S8)3, KV15S24",1 publications,triclinic,2  spacegroup,0.0039  band gap,http://apps.webofknowledge.com/Search.do?product=UA&SID=%223CNwE1j3jQSo4xdEeg6%22&search_mode=GeneralSearch&prID=0fbdd4d8-a91c-4489-a6d6-0cc11a6f3f09,"=HYPERLINK(""C:\Users\eager55\Desktop\webScrape\searchWoK\searchWoKResults\sulfides\K(V5S8)3, KV15S24.png"",""Word Cloud"")"

"=HYPERLINK(""http://www.sciencedirect.com/science/article/pii/S0022459699981689"",""magnet(6)"")"
"=HYPERLINK(""http://www.sciencedirect.com/science/article/pii/S0022459699981689"",""\d K(1)"")"
"=HYPERLINK(""http://www.sciencedirect.com/science/article/pii/S0022459699981689"",""susceptibility(1)"")"
"=HYPERLINK(""http://www.sciencedirect.com/science/article/pii/S0022459699981689"",""neutron(2)"")"


"K3(Cu4S3)2, K3Cu8S6",0 publications,monoclinic,12  spacegroup,0.0044  band gap,http://apps.webofknowledge.com/UA_GeneralSearch_input.do?SID=%222BPqpmUmy19WdXRgYkn%22&product=UA&search_mode=GeneralSearch&errorQid=1,"=HYPERLINK(""C:\Users\eager55\Desktop\webScrape\searchWoK\searchWoKResults\sulfides\K3(Cu4S3)2, K3Cu8S6.png"",""Word Cloud"")"



BaVS3,114 publications,"monoclinic, orthorhombic, orthorhombic, hexagonal","8, 36, 20, 194  spacegroup","0.0063, 0, 0, 0  band gap",http://apps.webofknowledge.com/Search.do?product=UA&SID=%224FmMtEFtxRvI2aGpVzg%22&search_mode=GeneralSearch&prID=5014aad4-acbb-4b6f-9d23-27dc4c170db9,"=HYPERLINK(""C:\Users\eager55\Desktop\webScrape\searchWoK\searchWoKResults\sulfides\BaVS3.png"",""Word Cloud"")"

"=HYPERLINK(""http://www.sciencedirect.com/science/article/pii/S0022459697974430"",""superconduct(1)"")"
"=HYPERLINK(""http://journals.aps.org/prb/abstract/10.1103/PhysRevB.49.16191"",""conduct(5)"")","=HYPERLINK(""http://journals.aps.org/prl/abstract/10.1103/PhysRevLett.85.1938"",""conduct(1)"")","=HYPERLINK(""http://www.sciencedirect.com/science/article/pii/0038109894008841"",""conduct(1)"")","=HYPERLINK(""http://journals.jps.jp/doi/abs/10.1143/JPSJ.65.3460"",""conduct(1)"")","=HYPERLINK(""http://www.sciencedirect.com/science/article/pii/S0022459602995502"",""conduct(1)"")","=HYPERLINK(""http://journals.aps.org/prb/abstract/10.1103/PhysRevB.43.13118"",""conduct(4)"")","=HYPERLINK(""http://journals.aps.org/prb/abstract/10.1103/PhysRevB.73.033102"",""conduct(1)"")","=HYPERLINK(""http://journals.aps.org/prl/abstract/10.1103/PhysRevLett.96.186402"",""conduct(1)"")","=HYPERLINK(""http://journals.aps.org/prb/abstract/10.1103/PhysRevB.70.035110"",""conduct(2)"")","=HYPERLINK(""http://pubs.acs.org/doi/abs/10.1021/ja964473a"",""conduct(1)"")","=HYPERLINK(""http://www.sciencedirect.com/science/article/pii/S0022459685711553"",""conduct(3)"")","=HYPERLINK(""http://www.sciencedirect.com/science/article/pii/S0022459697974430"",""conduct(4)"")"
"=HYPERLINK(""http://journals.aps.org/prb/abstract/10.1103/PhysRevB.49.16191"",""resist(1)"")","=HYPERLINK(""http://journals.aps.org/prb/abstract/10.1103/PhysRevB.61.R7831"",""resist(1)"")","=HYPERLINK(""http://journals.aps.org/prl/abstract/10.1103/PhysRevLett.85.1938"",""resist(2)"")","=HYPERLINK(""http://journals.aps.org/prb/abstract/10.1103/PhysRevB.60.14852"",""resist(3)"")","=HYPERLINK(""http://journals.jps.jp/doi/abs/10.1143/JPSJ.69.3068"",""resist(1)"")","=HYPERLINK(""http://journals.aps.org/prb/abstract/10.1103/PhysRevB.78.035110"",""resist(2)"")","=HYPERLINK(""http://www.sciencedirect.com/science/article/pii/0379677994031608"",""resist(2)"")","=HYPERLINK(""http://www.worldscientific.com/doi/abs/10.1142/S0217979203021290"",""resist(1)"")"
"=HYPERLINK(""http://journals.aps.org/prb/abstract/10.1103/PhysRevB.74.125120"",""metal(2)"")","=HYPERLINK(""http://journals.aps.org/prb/abstract/10.1103/PhysRevB.49.16191"",""metal(3)"")","=HYPERLINK(""http://journals.aps.org/prb/abstract/10.1103/PhysRevB.61.R7831"",""metal(2)"")","=HYPERLINK(""http://journals.jps.jp/doi/abs/10.1143/JPSJ.69.2763"",""metal(1)"")","=HYPERLINK(""http://journals.aps.org/prl/abstract/10.1103/PhysRevLett.79.3779"",""metal(1)"")","=HYPERLINK(""http://journals.aps.org/prl/abstract/10.1103/PhysRevLett.90.196401"",""metal(1)"")","=HYPERLINK(""http://journals.aps.org/prl/abstract/10.1103/PhysRevLett.85.1938"",""metal(2)"")","=HYPERLINK(""http://journals.aps.org/prl/abstract/10.1103/PhysRevLett.94.166402"",""metal(2)"")","=HYPERLINK(""http://www.sciencedirect.com/science/article/pii/0038109894008841"",""metal(1)"")","=HYPERLINK(""http://journals.aps.org/prb/abstract/10.1103/PhysRevB.66.073108"",""metal(1)"")","=HYPERLINK(""http://journals.jps.jp/doi/abs/10.1143/JPSJ.65.3460"",""metal(1)"")","=HYPERLINK(""http://www.sciencedirect.com/science/article/pii/S0022459602995502"",""metal(3)"")","=HYPERLINK(""http://journals.aps.org/prb/abstract/10.1103/PhysRevB.43.13118"",""metal(2)"")","=HYPERLINK(""http://journals.aps.org/prb/abstract/10.1103/PhysRevB.73.033102"",""metal(1)"")","=HYPERLINK(""http://journals.aps.org/prl/abstract/10.1103/PhysRevLett.96.186402"",""metal(4)"")","=HYPERLINK(""http://journals.aps.org/prb/abstract/10.1103/PhysRevB.76.085101"",""metal(2)"")","=HYPERLINK(""http://www.sciencedirect.com/science/article/pii/S0022369799000578"",""metal(1)"")","=HYPERLINK(""N/A"",""metal(2)"")","=HYPERLINK(""http://journals.aps.org/prb/abstract/10.1103/PhysRevB.63.081106"",""metal(1)"")","=HYPERLINK(""http://journals.aps.org/prb/abstract/10.1103/PhysRevB.60.14852"",""metal(1)"")","=HYPERLINK(""http://journals.aps.org/prb/abstract/10.1103/PhysRevB.78.035110"",""metal(1)"")","=HYPERLINK(""http://www.sciencedirect.com/science/article/pii/S0022459603003463"",""metal(1)"")","=HYPERLINK(""http://www.sciencedirect.com/science/article/pii/S0022459685711553"",""metal(2)"")","=HYPERLINK(""http://journals.aps.org/prb/abstract/10.1103/PhysRevB.75.153103"",""metal(1)"")","=HYPERLINK(""http://www.sciencedirect.com/science/article/pii/0379677994031608"",""metal(1)"")","=HYPERLINK(""http://journals.aps.org/prb/abstract/10.1103/PhysRevB.80.245108"",""metal(2)"")","=HYPERLINK(""http://journals.aps.org/prb/abstract/10.1103/PhysRevB.71.193103"",""metal(2)"")","=HYPERLINK(""http://www.worldscientific.com/doi/abs/10.1142/S0217979203021290"",""metal(4)"")","=HYPERLINK(""http://www.sciencedirect.com/science/article/pii/S0022459697974430"",""metal(1)"")"
"=HYPERLINK(""http://journals.aps.org/prb/abstract/10.1103/PhysRevB.74.125120"",""insulator(1)"")","=HYPERLINK(""http://journals.aps.org/prb/abstract/10.1103/PhysRevB.61.R7831"",""insulator(2)"")","=HYPERLINK(""http://journals.jps.jp/doi/abs/10.1143/JPSJ.69.2763"",""insulator(1)"")","=HYPERLINK(""http://journals.aps.org/prl/abstract/10.1103/PhysRevLett.79.3779"",""insulator(1)"")","=HYPERLINK(""http://journals.aps.org/prl/abstract/10.1103/PhysRevLett.90.196401"",""insulator(1)"")","=HYPERLINK(""http://journals.aps.org/prl/abstract/10.1103/PhysRevLett.85.1938"",""insulator(1)"")","=HYPERLINK(""http://journals.aps.org/prl/abstract/10.1103/PhysRevLett.94.166402"",""insulator(1)"")","=HYPERLINK(""http://www.sciencedirect.com/science/article/pii/0038109894008841"",""insulator(1)"")","=HYPERLINK(""http://journals.aps.org/prb/abstract/10.1103/PhysRevB.66.073108"",""insulator(2)"")","=HYPERLINK(""http://journals.jps.jp/doi/abs/10.1143/JPSJ.65.3460"",""insulator(1)"")","=HYPERLINK(""http://www.sciencedirect.com/science/article/pii/S0022459602995502"",""insulator(2)"")","=HYPERLINK(""http://journals.aps.org/prb/abstract/10.1103/PhysRevB.73.033102"",""insulator(1)"")","=HYPERLINK(""http://journals.aps.org/prl/abstract/10.1103/PhysRevLett.96.186402"",""insulator(1)"")","=HYPERLINK(""http://journals.aps.org/prb/abstract/10.1103/PhysRevB.76.085101"",""insulator(1)"")","=HYPERLINK(""http://www.sciencedirect.com/science/article/pii/S0022369799000578"",""insulator(1)"")","=HYPERLINK(""N/A"",""insulator(1)"")","=HYPERLINK(""http://journals.aps.org/prb/abstract/10.1103/PhysRevB.63.081106"",""insulator(1)"")","=HYPERLINK(""http://journals.aps.org/prb/abstract/10.1103/PhysRevB.60.14852"",""insulator(1)"")","=HYPERLINK(""http://pubs.acs.org/doi/abs/10.1021/ja964473a"",""insulator(1)"")","=HYPERLINK(""http://journals.aps.org/prb/abstract/10.1103/PhysRevB.78.035110"",""insulator(1)"")","=HYPERLINK(""http://journals.aps.org/prb/abstract/10.1103/PhysRevB.75.153103"",""insulator(1)"")","=HYPERLINK(""http://journals.aps.org/prb/abstract/10.1103/PhysRevB.80.245108"",""insulator(1)"")","=HYPERLINK(""http://journals.aps.org/prb/abstract/10.1103/PhysRevB.71.193103"",""insulator(1)"")","=HYPERLINK(""http://www.worldscientific.com/doi/abs/10.1142/S0217979203021290"",""insulator(1)"")"
"=HYPERLINK(""http://www.sciencedirect.com/science/article/pii/S0022459603002731"",""magnet(10)"")","=HYPERLINK(""http://journals.aps.org/prb/abstract/10.1103/PhysRevB.49.16191"",""magnet(3)"")","=HYPERLINK(""http://journals.aps.org/prb/abstract/10.1103/PhysRevB.61.R7831"",""magnet(3)"")","=HYPERLINK(""http://journals.jps.jp/doi/abs/10.1143/JPSJ.69.2763"",""magnet(3)"")","=HYPERLINK(""http://journals.aps.org/prl/abstract/10.1103/PhysRevLett.79.3779"",""magnet(1)"")","=HYPERLINK(""http://journals.aps.org/prb/abstract/10.1103/PhysRevB.72.064418"",""magnet(5)"")","=HYPERLINK(""http://journals.aps.org/prl/abstract/10.1103/PhysRevLett.85.1938"",""magnet(1)"")","=HYPERLINK(""http://journals.jps.jp/doi/abs/10.1143/JPSJ.65.3460"",""magnet(2)"")","=HYPERLINK(""http://www.sciencedirect.com/science/article/pii/S0022459602995502"",""magnet(5)"")","=HYPERLINK(""http://journals.aps.org/prb/abstract/10.1103/PhysRevB.43.13118"",""magnet(3)"")","=HYPERLINK(""http://journals.aps.org/prb/abstract/10.1103/PhysRevB.73.033102"",""magnet(1)"")","=HYPERLINK(""http://journals.aps.org/prb/abstract/10.1103/PhysRevB.76.085101"",""magnet(1)"")","=HYPERLINK(""http://journals.aps.org/prb/abstract/10.1103/PhysRevB.74.184425"",""magnet(4)"")","=HYPERLINK(""http://journals.aps.org/prb/abstract/10.1103/PhysRevB.70.035110"",""magnet(8)"")","=HYPERLINK(""http://www.sciencedirect.com/science/article/pii/S0022369799000578"",""magnet(1)"")","=HYPERLINK(""http://journals.aps.org/prb/abstract/10.1103/PhysRevB.63.081106"",""magnet(1)"")","=HYPERLINK(""http://journals.aps.org/prb/abstract/10.1103/PhysRevB.60.14852"",""magnet(4)"")","=HYPERLINK(""http://journals.jps.jp/doi/abs/10.1143/JPSJ.69.3068"",""magnet(6)"")","=HYPERLINK(""http://pubs.acs.org/doi/abs/10.1021/ja964473a"",""magnet(2)"")","=HYPERLINK(""http://journals.aps.org/prb/abstract/10.1103/PhysRevB.78.035110"",""magnet(1)"")","=HYPERLINK(""http://www.sciencedirect.com/science/article/pii/S0022459603003463"",""magnet(3)"")","=HYPERLINK(""http://www.sciencedirect.com/science/article/pii/S0022459685711553"",""magnet(2)"")","=HYPERLINK(""http://journals.jps.jp/doi/abs/10.1143/JPSJ.71.2361"",""magnet(1)"")","=HYPERLINK(""http://journals.aps.org/prl/abstract/10.1103/PhysRevLett.106.167203"",""magnet(4)"")","=HYPERLINK(""http://www.worldscientific.com/doi/abs/10.1142/S0217979203021290"",""magnet(4)"")"
"=HYPERLINK(""http://journals.aps.org/prb/abstract/10.1103/PhysRevB.49.16191"",""\d K(5)"")","=HYPERLINK(""http://journals.aps.org/prb/abstract/10.1103/PhysRevB.61.R7831"",""\d K(3)"")","=HYPERLINK(""http://journals.jps.jp/doi/abs/10.1143/JPSJ.69.2763"",""\d K(2)"")","=HYPERLINK(""http://journals.aps.org/prl/abstract/10.1103/PhysRevLett.79.3779"",""\d K(4)"")","=HYPERLINK(""http://journals.aps.org/prb/abstract/10.1103/PhysRevB.72.064418"",""\d K(10)"")","=HYPERLINK(""http://journals.aps.org/prl/abstract/10.1103/PhysRevLett.90.196401"",""\d K(2)"")","=HYPERLINK(""http://journals.aps.org/prl/abstract/10.1103/PhysRevLett.85.1938"",""\d K(1)"")","=HYPERLINK(""http://journals.jps.jp/doi/abs/10.1143/JPSJ.65.3460"",""\d K(3)"")","=HYPERLINK(""http://www.sciencedirect.com/science/article/pii/S0022459602995502"",""\d K(2)"")","=HYPERLINK(""http://journals.aps.org/prb/abstract/10.1103/PhysRevB.43.13118"",""\d K(2)"")","=HYPERLINK(""http://journals.aps.org/prb/abstract/10.1103/PhysRevB.73.033102"",""\d K(2)"")","=HYPERLINK(""http://journals.aps.org/prl/abstract/10.1103/PhysRevLett.96.186402"",""\d K(1)"")","=HYPERLINK(""http://dx.doi.org/10.1016/j.solidstatescience.2004.11.017"",""\d K(3)"")","=HYPERLINK(""http://journals.aps.org/prb/abstract/10.1103/PhysRevB.70.035110"",""\d K(1)"")","=HYPERLINK(""http://www.sciencedirect.com/science/article/pii/S0022369799000578"",""\d K(1)"")","=HYPERLINK(""http://journals.aps.org/prb/abstract/10.1103/PhysRevB.60.14852"",""\d K(3)"")","=HYPERLINK(""http://pubs.acs.org/doi/abs/10.1021/ja964473a"",""\d K(5)"")","=HYPERLINK(""http://journals.aps.org/prb/abstract/10.1103/PhysRevB.78.035110"",""\d K(2)"")","=HYPERLINK(""http://www.sciencedirect.com/science/article/pii/S0022459603003463"",""\d K(1)"")","=HYPERLINK(""http://www.sciencedirect.com/science/article/pii/S0022459685711553"",""\d K(1)"")","=HYPERLINK(""http://journals.jps.jp/doi/abs/10.1143/JPSJ.71.2361"",""\d K(2)"")","=HYPERLINK(""http://journals.aps.org/prb/abstract/10.1103/PhysRevB.80.245108"",""\d K(1)"")","=HYPERLINK(""http://journals.aps.org/prl/abstract/10.1103/PhysRevLett.106.167203"",""\d K(1)"")","=HYPERLINK(""http://www.worldscientific.com/doi/abs/10.1142/S0217979203021290"",""\d K(3)"")","=HYPERLINK(""http://www.sciencedirect.com/science/article/pii/S0022459697974430"",""\d K(2)"")"
"=HYPERLINK(""http://journals.aps.org/prb/abstract/10.1103/PhysRevB.70.035110"",""DFT(1)"")","=HYPERLINK(""N/A"",""DFT(1)"")","=HYPERLINK(""http://pubs.acs.org/doi/abs/10.1021/ja964473a"",""DFT(1)"")"
"=HYPERLINK(""http://journals.aps.org/prb/abstract/10.1103/PhysRevB.74.125120"",""DMFT(2)"")","=HYPERLINK(""N/A"",""DMFT(2)"")"
"=HYPERLINK(""http://dx.doi.org/10.1016/j.solidstatescience.2004.11.017"",""charge density wave(1)"")"
"=HYPERLINK(""http://journals.aps.org/prb/abstract/10.1103/PhysRevB.70.035110"",""band structure(1)"")","=HYPERLINK(""http://pubs.acs.org/doi/abs/10.1021/ja964473a"",""band structure(1)"")","=HYPERLINK(""http://journals.aps.org/prb/abstract/10.1103/PhysRevB.75.153103"",""band structure(1)"")","=HYPERLINK(""http://www.worldscientific.com/doi/abs/10.1142/S0217979203021290"",""band structure(1)"")"
"=HYPERLINK(""http://www.sciencedirect.com/science/article/pii/S0022459603002731"",""susceptibility(2)"")","=HYPERLINK(""http://journals.aps.org/prb/abstract/10.1103/PhysRevB.49.16191"",""susceptibility(1)"")","=HYPERLINK(""http://journals.aps.org/prb/abstract/10.1103/PhysRevB.72.064418"",""susceptibility(1)"")","=HYPERLINK(""http://journals.aps.org/prb/abstract/10.1103/PhysRevB.63.081106"",""susceptibility(1)"")"
"=HYPERLINK(""http://journals.aps.org/prl/abstract/10.1103/PhysRevLett.79.3779"",""NMR(1)"")","=HYPERLINK(""http://journals.jps.jp/doi/abs/10.1143/JPSJ.69.3068"",""NMR(1)"")"
"=HYPERLINK(""http://www.sciencedirect.com/science/article/pii/S0022459603002731"",""neutron(2)"")","=HYPERLINK(""http://journals.jps.jp/doi/abs/10.1143/JPSJ.69.2763"",""neutron(1)"")","=HYPERLINK(""http://www.sciencedirect.com/science/article/pii/S0022369799000578"",""neutron(1)"")","=HYPERLINK(""http://journals.jps.jp/doi/abs/10.1143/JPSJ.71.2361"",""neutron(1)"")"
"=HYPERLINK(""http://journals.aps.org/prb/abstract/10.1103/PhysRevB.49.16191"",""x-ray(1)"")","=HYPERLINK(""http://journals.aps.org/prb/abstract/10.1103/PhysRevB.66.073108"",""x-ray(2)"")","=HYPERLINK(""http://journals.aps.org/prb/abstract/10.1103/PhysRevB.73.033102"",""x-ray(1)"")","=HYPERLINK(""http://journals.aps.org/prl/abstract/10.1103/PhysRevLett.106.167203"",""x-ray(1)"")"


Ba6Cu34S27,0 publications,triclinic,1  spacegroup,0.0106  band gap,http://apps.webofknowledge.com/UA_GeneralSearch_input.do?SID=%224BDR8sgTHBxvmS1uwpl%22&product=UA&search_mode=GeneralSearch&errorQid=1,"=HYPERLINK(""C:\Users\eager55\Desktop\webScrape\searchWoK\searchWoKResults\sulfides\Ba6Cu34S27.png"",""Word Cloud"")"



Ba9Fe4S15,2 publications,orthorhombic,62  spacegroup,0.0122  band gap,http://apps.webofknowledge.com/Search.do?product=UA&SID=%222EAjTfWq8mAhcDmcDJk%22&search_mode=GeneralSearch&prID=45af5426-dc90-4b56-acdb-a1aadf84d2de,"=HYPERLINK(""C:\Users\eager55\Desktop\webScrape\searchWoK\searchWoKResults\sulfides\Ba9Fe4S15.png"",""Word Cloud"")"

"=HYPERLINK(""http://www.sciencedirect.com/science/article/pii/S0022459613006208"",""conduct(1)"")"
"=HYPERLINK(""http://www.sciencedirect.com/science/article/pii/S0022459613006208"",""magnet(4)"")"
"=HYPERLINK(""http://www.sciencedirect.com/science/article/pii/S0022459613006208"",""\d K(3)"")"


Ba6Ni25S27,1 publications,cubic,221  spacegroup,0.0152  band gap,http://apps.webofknowledge.com/Search.do?product=UA&SID=%224DK54OfHCyqKC9epY3e%22&search_mode=GeneralSearch&prID=72a83b77-26a2-483d-a15a-7a1d9519742c,"=HYPERLINK(""C:\Users\eager55\Desktop\webScrape\searchWoK\searchWoKResults\sulfides\Ba6Ni25S27.png"",""Word Cloud"")"

"=HYPERLINK(""http://onlinelibrary.wiley.com/doi/10.1002/chem.19970031121/abstract;jsessionid=EF711FDDCFCFE1ACCE9095F4F7C5F611.f01t02"",""conduct(1)"")"
"=HYPERLINK(""http://onlinelibrary.wiley.com/doi/10.1002/chem.19970031121/abstract;jsessionid=EF711FDDCFCFE1ACCE9095F4F7C5F611.f01t02"",""resist(3)"")"
"=HYPERLINK(""http://onlinelibrary.wiley.com/doi/10.1002/chem.19970031121/abstract;jsessionid=EF711FDDCFCFE1ACCE9095F4F7C5F611.f01t02"",""metal(1)"")"
"=HYPERLINK(""http://onlinelibrary.wiley.com/doi/10.1002/chem.19970031121/abstract;jsessionid=EF711FDDCFCFE1ACCE9095F4F7C5F611.f01t02"",""magnet(1)"")"
"=HYPERLINK(""http://onlinelibrary.wiley.com/doi/10.1002/chem.19970031121/abstract;jsessionid=EF711FDDCFCFE1ACCE9095F4F7C5F611.f01t02"",""\d K(6)"")"
"=HYPERLINK(""http://onlinelibrary.wiley.com/doi/10.1002/chem.19970031121/abstract;jsessionid=EF711FDDCFCFE1ACCE9095F4F7C5F611.f01t02"",""band structure(1)"")"
"=HYPERLINK(""http://onlinelibrary.wiley.com/doi/10.1002/chem.19970031121/abstract;jsessionid=EF711FDDCFCFE1ACCE9095F4F7C5F611.f01t02"",""susceptibility(3)"")"


Ba15Fe7S25,1 publications,orthorhombic,62  spacegroup,0.0247  band gap,http://apps.webofknowledge.com/Search.do?product=UA&SID=%223DCW6su8luTdwMe71Am%22&search_mode=GeneralSearch&prID=2a15b4d6-bd8e-49ee-aae4-afee99807759,"=HYPERLINK(""C:\Users\eager55\Desktop\webScrape\searchWoK\searchWoKResults\sulfides\Ba15Fe7S25.png"",""Word Cloud"")"



Y2CrS4,3 publications,orthorhombic,29  spacegroup,0.0285  band gap,http://apps.webofknowledge.com/Search.do?product=UA&SID=%222Eyj9og5cIOjvuAWwmi%22&search_mode=GeneralSearch&prID=6400068a-c73d-49bc-94fe-dc669a0818db,"=HYPERLINK(""C:\Users\eager55\Desktop\webScrape\searchWoK\searchWoKResults\sulfides\Y2CrS4.png"",""Word Cloud"")"

"=HYPERLINK(""http://iopscience.iop.org/1674-1056/21/5/057501/"",""conduct(1)"")"
"=HYPERLINK(""http://iopscience.iop.org/1674-1056/21/5/057501/"",""resist(1)"")"
"=HYPERLINK(""http://www.sciencedirect.com/science/article/pii/S0022369707004842"",""magnet(3)"")","=HYPERLINK(""http://link.springer.com/article/10.1140%2Fepjb%2Fe2011-10914-7"",""magnet(3)"")","=HYPERLINK(""http://iopscience.iop.org/1674-1056/21/5/057501/"",""magnet(3)"")"
"=HYPERLINK(""http://www.sciencedirect.com/science/article/pii/S0022369707004842"",""\d K(4)"")","=HYPERLINK(""http://iopscience.iop.org/1674-1056/21/5/057501/"",""\d K(2)"")"
"=HYPERLINK(""http://www.sciencedirect.com/science/article/pii/S0022369707004842"",""neutron(1)"")"


Ba6Co25S27,1 publications,cubic,221  spacegroup,0.0344  band gap,http://apps.webofknowledge.com/Search.do?product=UA&SID=%223CIiJbzwcCtrYDHR577%22&search_mode=GeneralSearch&prID=a6790ae1-c214-46bb-94a2-f080adfb183a,"=HYPERLINK(""C:\Users\eager55\Desktop\webScrape\searchWoK\searchWoKResults\sulfides\Ba6Co25S27.png"",""Word Cloud"")"

"=HYPERLINK(""http://pubs.acs.org/doi/abs/10.1021/ic00037a024"",""resist(2)"")"
"=HYPERLINK(""http://pubs.acs.org/doi/abs/10.1021/ic00037a024"",""metal(1)"")"
"=HYPERLINK(""http://pubs.acs.org/doi/abs/10.1021/ic00037a024"",""magnet(3)"")"
"=HYPERLINK(""http://pubs.acs.org/doi/abs/10.1021/ic00037a024"",""\d K(1)"")"
"=HYPERLINK(""http://pubs.acs.org/doi/abs/10.1021/ic00037a024"",""susceptibility(1)"")"


Ba5Fe4S11,1 publications,orthorhombic,31  spacegroup,0.0457  band gap,http://apps.webofknowledge.com/Search.do?product=UA&SID=%221CU1IexXKduvryMBTqY%22&search_mode=GeneralSearch&prID=93d4f50c-9836-4d4e-b498-240fe3b3e19e,"=HYPERLINK(""C:\Users\eager55\Desktop\webScrape\searchWoK\searchWoKResults\sulfides\Ba5Fe4S11.png"",""Word Cloud"")"



Ba2CoS3,10 publications,orthorhombic,62  spacegroup,0.0481  band gap,http://apps.webofknowledge.com/Search.do?product=UA&SID=%222DeBujcIujkJKrJHyMv%22&search_mode=GeneralSearch&prID=a74bfcdb-76cd-48c8-8beb-f7bfda3b7bdb,"=HYPERLINK(""C:\Users\eager55\Desktop\webScrape\searchWoK\searchWoKResults\sulfides\Ba2CoS3.png"",""Word Cloud"")"

"=HYPERLINK(""http://pubs.rsc.org/en/Content/ArticleLanding/2006/JM/b605178b"",""conduct(1)"")"
"=HYPERLINK(""http://pubs.rsc.org/en/Content/ArticleLanding/2006/JM/b605178b"",""resist(1)"")","=HYPERLINK(""http://pubs.rsc.org/en/Content/ArticleLanding/2005/CC/b509343k"",""resist(1)"")","=HYPERLINK(""http://pubs.rsc.org/en/Content/ArticleLanding/2009/CC/b817363j"",""resist(3)"")"
"=HYPERLINK(""http://pubs.rsc.org/en/Content/ArticleLanding/2006/JM/b605178b"",""metal(1)"")","=HYPERLINK(""http://pubs.rsc.org/en/Content/ArticleLanding/2005/CC/b509343k"",""metal(1)"")","=HYPERLINK(""http://onlinelibrary.wiley.com/doi/10.1002/asia.201301495/abstract;jsessionid=109A59C2A8DCCC5487402E7098DECF56.f03t03"",""metal(2)"")","=HYPERLINK(""http://pubs.acs.org/doi/abs/10.1021/ic201773e"",""metal(2)"")"
"=HYPERLINK(""http://pubs.rsc.org/en/Content/ArticleLanding/2004/CC/b400084f"",""ferromagnetism(1)"")"
"=HYPERLINK(""http://pubs.rsc.org/en/Content/ArticleLanding/2004/CC/b400084f"",""antiferromagnetism(1)"")"
"=HYPERLINK(""http://iopscience.iop.org/0953-8984/22/11/116006/"",""magnet(6)"")","=HYPERLINK(""http://pubs.rsc.org/en/Content/ArticleLanding/2006/JM/b605178b"",""magnet(6)"")","=HYPERLINK(""http://pubs.rsc.org/en/Content/ArticleLanding/2004/CC/b400084f"",""magnet(1)"")","=HYPERLINK(""http://pubs.rsc.org/en/Content/ArticleLanding/2005/CC/b509343k"",""magnet(1)"")","=HYPERLINK(""http://www.sciencedirect.com/science/article/pii/S0022459607003118"",""magnet(5)"")","=HYPERLINK(""http://pubs.rsc.org/en/Content/ArticleLanding/2009/CC/b817363j"",""magnet(4)"")","=HYPERLINK(""http://www.sciencedirect.com/science/article/pii/S1387700313001536"",""magnet(1)"")"
"=HYPERLINK(""http://iopscience.iop.org/0953-8984/22/11/116006/"",""\d K(1)"")","=HYPERLINK(""http://www.sciencedirect.com/science/article/pii/S1387700313001536"",""\d K(1)"")"
"=HYPERLINK(""http://onlinelibrary.wiley.com/doi/10.1002/asia.201301495/abstract;jsessionid=109A59C2A8DCCC5487402E7098DECF56.f03t03"",""DFT(1)"")"
"=HYPERLINK(""http://pubs.rsc.org/en/Content/ArticleLanding/2006/JM/b605178b"",""susceptibility(1)"")","=HYPERLINK(""http://www.sciencedirect.com/science/article/pii/S1387700313001536"",""susceptibility(1)"")"


LaCrS3,22 publications,orthorhombic,62  spacegroup,0.056  band gap,http://apps.webofknowledge.com/Search.do?product=UA&SID=%221CbQbACFJF8BozM4X66%22&search_mode=GeneralSearch&prID=730676c1-5e1f-4508-a100-d7e9ad85f32a,"=HYPERLINK(""C:\Users\eager55\Desktop\webScrape\searchWoK\searchWoKResults\sulfides\LaCrS3.png"",""Word Cloud"")"

"=HYPERLINK(""http://pubs.acs.org/doi/abs/10.1021/ic00093a026"",""conduct(1)"")","=HYPERLINK(""http://www.sciencedirect.com/science/article/pii/003810989290811M"",""conduct(1)"")","=HYPERLINK(""http://scripts.iucr.org/cgi-bin/paper?S0108768195010536"",""conduct(1)"")","=HYPERLINK(""http://www.sciencedirect.com/science/article/pii/0167273893901823"",""conduct(3)"")","=HYPERLINK(""http://www.sciencedirect.com/science/article/pii/S0022459698978343"",""conduct(1)"")","=HYPERLINK(""http://www.sciencedirect.com/science/article/pii/S002554089900015X"",""conduct(1)"")"
"=HYPERLINK(""N/A"",""resist(2)"")"
"=HYPERLINK(""http://www.sciencedirect.com/science/article/pii/003810989290811M"",""metal(1)"")","=HYPERLINK(""N/A"",""metal(1)"")","=HYPERLINK(""http://www.sciencedirect.com/science/article/pii/0167273893901823"",""metal(2)"")","=HYPERLINK(""http://www.sciencedirect.com/science/article/pii/0968432895000194"",""metal(1)"")"
"=HYPERLINK(""http://www.sciencedirect.com/science/article/pii/S002554089900015X"",""ferromagnetism(1)"")"
"=HYPERLINK(""http://www.sciencedirect.com/science/article/pii/003810989290811M"",""magnet(3)"")","=HYPERLINK(""http://journals.aps.org/prb/abstract/10.1103/PhysRevB.52.1112"",""magnet(9)"")","=HYPERLINK(""http://www.sciencedirect.com/science/article/pii/S0022459698978343"",""magnet(1)"")","=HYPERLINK(""http://www.sciencedirect.com/science/article/pii/S002554089900015X"",""magnet(4)"")","=HYPERLINK(""http://www.sciencedirect.com/science/article/pii/S0304885398010464"",""magnet(8)"")"
"=HYPERLINK(""http://www.sciencedirect.com/science/article/pii/003810989290811M"",""\d K(1)"")","=HYPERLINK(""http://journals.aps.org/prb/abstract/10.1103/PhysRevB.52.1112"",""\d K(3)"")","=HYPERLINK(""N/A"",""\d K(2)"")","=HYPERLINK(""N/A"",""\d K(3)"")","=HYPERLINK(""http://www.sciencedirect.com/science/article/pii/0167273893901823"",""\d K(2)"")","=HYPERLINK(""http://www.sciencedirect.com/science/article/pii/S0022459698978343"",""\d K(4)"")","=HYPERLINK(""http://www.sciencedirect.com/science/article/pii/S002554089900015X"",""\d K(3)"")","=HYPERLINK(""http://www.sciencedirect.com/science/article/pii/S0304885398010464"",""\d K(1)"")"
"=HYPERLINK(""http://journals.aps.org/prb/abstract/10.1103/PhysRevB.52.1112"",""susceptibility(2)"")","=HYPERLINK(""http://www.sciencedirect.com/science/article/pii/S0304885398010464"",""susceptibility(1)"")"


KCu4S3,17 publications,tetragonal,123  spacegroup,0.0906  band gap,http://apps.webofknowledge.com/Search.do?product=UA&SID=%224FEJQzox6CPgm9r83yz%22&search_mode=GeneralSearch&prID=6c002f91-24b2-4ad3-ad68-f73604fcc43c,"=HYPERLINK(""C:\Users\eager55\Desktop\webScrape\searchWoK\searchWoKResults\sulfides\KCu4S3.png"",""Word Cloud"")"

"=HYPERLINK(""http://pubs.acs.org/doi/abs/10.1021/ic301033h"",""superconduct(1)"")"
"=HYPERLINK(""http://pubs.acs.org/doi/abs/10.1021/ic951046%2B"",""conduct(2)"")","=HYPERLINK(""http://pubs.rsc.org/en/Content/ArticleLanding/1992/C3/c39920000907"",""conduct(1)"")","=HYPERLINK(""http://www.sciencedirect.com/science/article/pii/002554089400112X"",""conduct(1)"")","=HYPERLINK(""http://pubs.acs.org/doi/abs/10.1021/ic301033h"",""conduct(2)"")","=HYPERLINK(""http://www.sciencedirect.com/science/article/pii/0925838895016554"",""conduct(1)"")","=HYPERLINK(""http://www.sciencedirect.com/science/article/pii/002554089390179H"",""conduct(2)"")"
"=HYPERLINK(""http://www.sciencedirect.com/science/article/pii/0038109892908646"",""resist(2)"")","=HYPERLINK(""http://www.sciencedirect.com/science/article/pii/002554089400112X"",""resist(1)"")"
"=HYPERLINK(""http://pubs.acs.org/doi/abs/10.1021/ic951046%2B"",""metal(1)"")","=HYPERLINK(""http://www.sciencedirect.com/science/article/pii/0925838895021582"",""metal(1)"")","=HYPERLINK(""http://dx.doi.org/10.1021/ic701799z"",""metal(3)"")","=HYPERLINK(""http://pubs.rsc.org/en/Content/ArticleLanding/1992/C3/c39920000907"",""metal(1)"")","=HYPERLINK(""http://pubs.acs.org/doi/abs/10.1021/ic301033h"",""metal(1)"")","=HYPERLINK(""http://www.sciencedirect.com/science/article/pii/0925838895016554"",""metal(1)"")","=HYPERLINK(""http://www.sciencedirect.com/science/article/pii/002554089390179H"",""metal(2)"")"
"=HYPERLINK(""http://dx.doi.org/10.1021/ic701799z"",""magnet(2)"")","=HYPERLINK(""http://pubs.acs.org/doi/abs/10.1021/ic301033h"",""magnet(5)"")","=HYPERLINK(""http://pubs.acs.org/doi/abs/10.1021/ic402363s"",""magnet(1)"")"
"=HYPERLINK(""http://www.sciencedirect.com/science/article/pii/002554089400112X"",""\d K(2)"")","=HYPERLINK(""http://pubs.acs.org/doi/abs/10.1021/ic301033h"",""\d K(4)"")","=HYPERLINK(""http://www.sciencedirect.com/science/article/pii/0925838895016554"",""\d K(1)"")","=HYPERLINK(""http://pubs.acs.org/doi/abs/10.1021/ic402363s"",""\d K(1)"")"
"=HYPERLINK(""http://dx.doi.org/10.1021/ic701799z"",""susceptibility(1)"")","=HYPERLINK(""http://pubs.acs.org/doi/abs/10.1021/ic402363s"",""susceptibility(1)"")"


BaCr4S7,1 publications,monoclinic,14  spacegroup,0.1196  band gap,http://apps.webofknowledge.com/Search.do?product=UA&SID=%222ALL1eqkNsltgtfri9H%22&search_mode=GeneralSearch&prID=ab17625b-701d-417b-9821-6c361d9fb40c,"=HYPERLINK(""C:\Users\eager55\Desktop\webScrape\searchWoK\searchWoKResults\sulfides\BaCr4S7.png"",""Word Cloud"")"



K3Cr11S18,1 publications,monoclinic,12  spacegroup,0.2072  band gap,http://apps.webofknowledge.com/Search.do?product=UA&SID=%222A5do1533Xjv4pENx2w%22&search_mode=GeneralSearch&prID=c1ab4aba-e806-4c08-b011-11eaeabb51cf,"=HYPERLINK(""C:\Users\eager55\Desktop\webScrape\searchWoK\searchWoKResults\sulfides\K3Cr11S18.png"",""Word Cloud"")"

"=HYPERLINK(""http://onlinelibrary.wiley.com/doi/10.1002/zaac.19936190205/abstract;jsessionid=3D84F47D46AA453890B0826F2BF84F20.f01t03"",""metal(2)"")"


K9Co2S7,1 publications,cubic,205  spacegroup,0.3106  band gap,http://apps.webofknowledge.com/Search.do?product=UA&SID=%222E4AoItpLu2qlEt3hKY%22&search_mode=GeneralSearch&prID=96355218-4f5a-4d6c-838a-bb3195f6819f,"=HYPERLINK(""C:\Users\eager55\Desktop\webScrape\searchWoK\searchWoKResults\sulfides\K9Co2S7.png"",""Word Cloud"")"

"=HYPERLINK(""http://onlinelibrary.wiley.com/doi/10.1002/zaac.19956210311/abstract;jsessionid=B8492C3DB2E6A23FCC4906C717B6EE1C.f03t04"",""magnet(2)"")"


KCr5S8,1 publications,monoclinic,12  spacegroup,0.3523  band gap,http://apps.webofknowledge.com/Search.do?product=UA&SID=%224EBobO67DnAWc7Lhabg%22&search_mode=GeneralSearch&prID=6a9144d5-ad3e-43b5-9850-467b0894bf61,"=HYPERLINK(""C:\Users\eager55\Desktop\webScrape\searchWoK\searchWoKResults\sulfides\KCr5S8.png"",""Word Cloud"")"

"=HYPERLINK(""N/A"",""metal(2)"")"


K6CoS4,1 publications,hexagonal,186  spacegroup,0.4323  band gap,http://apps.webofknowledge.com/Search.do?product=UA&SID=%222AfpuaoQBrRQOxBElGL%22&search_mode=GeneralSearch&prID=5c48a2ec-d0a3-4136-9636-2846b2827031,"=HYPERLINK(""C:\Users\eager55\Desktop\webScrape\searchWoK\searchWoKResults\sulfides\K6CoS4.png"",""Word Cloud"")"

"=HYPERLINK(""http://onlinelibrary.wiley.com/doi/10.1002/zaac.19956210312/abstract;jsessionid=7823578EE1B20AC93E4F92DD49417E5C.f03t01"",""metal(1)"")"
"=HYPERLINK(""http://onlinelibrary.wiley.com/doi/10.1002/zaac.19956210312/abstract;jsessionid=7823578EE1B20AC93E4F92DD49417E5C.f03t01"",""magnet(3)"")"


BaMnS2,4 publications,orthorhombic,62  spacegroup,0.4367  band gap,http://apps.webofknowledge.com/Search.do?product=UA&SID=%222EZA3bFXC6yHeBHCPsA%22&search_mode=GeneralSearch&prID=ba188f06-6763-42a4-9c59-7f5593f701a8,"=HYPERLINK(""C:\Users\eager55\Desktop\webScrape\searchWoK\searchWoKResults\sulfides\BaMnS2.png"",""Word Cloud"")"

"=HYPERLINK(""http://pubs.acs.org/doi/abs/10.1021/ic051240o"",""conduct(1)"")"
"=HYPERLINK(""http://www.sciencedirect.com/science/article/pii/S0022459600989187"",""magnet(4)"")"
"=HYPERLINK(""http://www.sciencedirect.com/science/article/pii/S0022459600989187"",""\d K(4)"")"
"=HYPERLINK(""http://pubs.acs.org/doi/abs/10.1021/ic051240o"",""band structure(1)"")"


BaCu4S3,11 publications,"orthorhombic, orthorhombic","62, 63  spacegroup","0.4519, 0.0379  band gap",http://apps.webofknowledge.com/Search.do?product=UA&SID=%224Feyeyr2M1gn22tqoux%22&search_mode=GeneralSearch&prID=0d503e94-badd-4739-bc16-b105f90eed7e,"=HYPERLINK(""C:\Users\eager55\Desktop\webScrape\searchWoK\searchWoKResults\sulfides\BaCu4S3.png"",""Word Cloud"")"

"=HYPERLINK(""http://www.sciencedirect.com/science/article/pii/S0022459685712480"",""conduct(2)"")","=HYPERLINK(""http://www.sciencedirect.com/science/article/pii/002554089400112X"",""conduct(1)"")"
"=HYPERLINK(""http://www.sciencedirect.com/science/article/pii/S0022459685712480"",""resist(2)"")","=HYPERLINK(""http://www.sciencedirect.com/science/article/pii/002554089400112X"",""resist(1)"")","=HYPERLINK(""N/A"",""resist(1)"")","=HYPERLINK(""N/A"",""resist(1)"")"
"=HYPERLINK(""http://www.sciencedirect.com/science/article/pii/S0925838807002149"",""metal(1)"")","=HYPERLINK(""N/A"",""metal(1)"")"
"=HYPERLINK(""http://www.sciencedirect.com/science/article/pii/S0022459685712480"",""magnet(3)"")"
"=HYPERLINK(""http://www.sciencedirect.com/science/article/pii/S0022459685712480"",""\d K(1)"")","=HYPERLINK(""http://www.sciencedirect.com/science/article/pii/002554089400112X"",""\d K(2)"")","=HYPERLINK(""http://pubs.acs.org/doi/abs/10.1021/ic034061k"",""\d K(1)"")","=HYPERLINK(""N/A"",""\d K(1)"")","=HYPERLINK(""http://link.springer.com/article/10.1134%2FS0036023607120285"",""\d K(7)"")"
"=HYPERLINK(""N/A"",""charge density wave(1)"")"
"=HYPERLINK(""N/A"",""band structure(1)"")","=HYPERLINK(""N/A"",""band structure(1)"")"


KCu3S2,4 publications,monoclinic,12  spacegroup,0.4597  band gap,http://apps.webofknowledge.com/Search.do?product=UA&SID=%223CdwDHK6Gck3VrQzVEq%22&search_mode=GeneralSearch&prID=a85663c9-2cb8-4124-adc3-ad21317fa625,"=HYPERLINK(""C:\Users\eager55\Desktop\webScrape\searchWoK\searchWoKResults\sulfides\KCu3S2.png"",""Word Cloud"")"

"=HYPERLINK(""http://www.sciencedirect.com/science/article/pii/S092583881001858X"",""conduct(1)"")","=HYPERLINK(""http://pubs.rsc.org/en/Content/ArticleLanding/2014/RA/C4RA12541J"",""conduct(3)"")"
"=HYPERLINK(""N/A"",""resist(1)"")"
"=HYPERLINK(""N/A"",""metal(3)"")"
"=HYPERLINK(""N/A"",""insulator(1)"")"
"=HYPERLINK(""N/A"",""magnet(4)"")"
"=HYPERLINK(""N/A"",""susceptibility(2)"")"


K9Fe2S7,1 publications,cubic,198  spacegroup,0.5148  band gap,http://apps.webofknowledge.com/Search.do?product=UA&SID=%222DD4FudNTit3kovY1cl%22&search_mode=GeneralSearch&prID=7ffb0e7c-b263-4b64-9973-091ba0e86630,"=HYPERLINK(""C:\Users\eager55\Desktop\webScrape\searchWoK\searchWoKResults\sulfides\K9Fe2S7.png"",""Word Cloud"")"

"=HYPERLINK(""http://www.sciencedirect.com/science/article/pii/092583889390622T"",""magnet(1)"")"
"=HYPERLINK(""http://www.sciencedirect.com/science/article/pii/092583889390622T"",""\d K(1)"")"


"Ba3(CrS3)2, Ba3Cr2S6",0 publications,trigonal,167  spacegroup,0.6308  band gap,http://apps.webofknowledge.com/UA_GeneralSearch_input.do?SID=%224DYm9ZMfGfRaFOSURx5%22&product=UA&search_mode=GeneralSearch&errorQid=1,"=HYPERLINK(""C:\Users\eager55\Desktop\webScrape\searchWoK\searchWoKResults\sulfides\Ba3(CrS3)2, Ba3Cr2S6.png"",""Word Cloud"")"



K2Ni3S4,1 publications,orthorhombic,70  spacegroup,0.7068  band gap,http://apps.webofknowledge.com/Search.do?product=UA&SID=%223CbLWB4VlIPMlOV2Irt%22&search_mode=GeneralSearch&prID=7bc5e494-07b9-4b5f-aca4-4379d51f7a8a,"=HYPERLINK(""C:\Users\eager55\Desktop\webScrape\searchWoK\searchWoKResults\sulfides\K2Ni3S4.png"",""Word Cloud"")"

"=HYPERLINK(""http://www.sciencedirect.com/science/article/pii/0925838895020640"",""metal(1)"")"
"=HYPERLINK(""http://www.sciencedirect.com/science/article/pii/0925838895020640"",""band structure(1)"")"


"Ba(CuS)2, BaCu2S2",10 publications,"orthorhombic, tetragonal","62, 139  spacegroup","0.9028, 0.506  band gap",http://apps.webofknowledge.com/Search.do?product=UA&SID=%222AB3rOt2tyI76XGYiuG%22&search_mode=GeneralSearch&prID=cca19834-4085-4786-b97e-230a3fca0463,"=HYPERLINK(""C:\Users\eager55\Desktop\webScrape\searchWoK\searchWoKResults\sulfides\Ba(CuS)2, BaCu2S2.png"",""Word Cloud"")"

"=HYPERLINK(""http://scitation.aip.org/content/aip/journal/apl/82/17/10.1063/1.1571224"",""conduct(4)"")","=HYPERLINK(""http://pubs.acs.org/doi/abs/10.1021/cm7021054"",""conduct(2)"")","=HYPERLINK(""http://www.sciencedirect.com/science/article/pii/S0925838899006763"",""conduct(1)"")"
"=HYPERLINK(""http://www.sciencedirect.com/science/article/pii/S0925838899006763"",""resist(2)"")"
"=HYPERLINK(""http://link.springer.com/article/10.1163%2F156856799X00374"",""metal(4)"")","=HYPERLINK(""http://www.sciencedirect.com/science/article/pii/S0022459699983597"",""metal(1)"")"
"=HYPERLINK(""http://scitation.aip.org/content/aip/journal/apl/82/17/10.1063/1.1571224"",""doped(2)"")","=HYPERLINK(""http://link.springer.com/article/10.1163%2F156856799X00374"",""doped(3)"")"
"=HYPERLINK(""http://www.sciencedirect.com/science/article/pii/S0022459699983597"",""magnet(3)"")","=HYPERLINK(""http://www.sciencedirect.com/science/article/pii/S0022459607005440"",""magnet(2)"")","=HYPERLINK(""http://pubs.acs.org/doi/abs/10.1021/cm7021054"",""magnet(2)"")"
"=HYPERLINK(""http://link.springer.com/article/10.1163%2F156856799X00374"",""\d K(2)"")","=HYPERLINK(""http://www.sciencedirect.com/science/article/pii/S0022459607005440"",""\d K(2)"")"
"=HYPERLINK(""http://www.sciencedirect.com/science/article/pii/S0022459699983597"",""susceptibility(1)"")","=HYPERLINK(""http://www.sciencedirect.com/science/article/pii/S0022459607005440"",""susceptibility(1)"")","=HYPERLINK(""http://pubs.acs.org/doi/abs/10.1021/cm7021054"",""susceptibility(1)"")"
"=HYPERLINK(""http://pubs.acs.org/doi/abs/10.1021/cm7021054"",""neutron(2)"")"


K2MnS2,1 publications,orthorhombic,72  spacegroup,0.9733  band gap,http://apps.webofknowledge.com/Search.do?product=UA&SID=%221EhigG1Rmh7F82n4NCE%22&search_mode=GeneralSearch&prID=a927c694-410d-4e84-973e-ac6527ab4d5b,"=HYPERLINK(""C:\Users\eager55\Desktop\webScrape\searchWoK\searchWoKResults\sulfides\K2MnS2.png"",""Word Cloud"")"

"=HYPERLINK(""http://pubs.acs.org/doi/abs/10.1021/ic010333c"",""doped(1)"")"
"=HYPERLINK(""http://pubs.acs.org/doi/abs/10.1021/ic010333c"",""\d K(2)"")"


Ba2MnS3,10 publications,orthorhombic,62  spacegroup,1.1095  band gap,http://apps.webofknowledge.com/Search.do?product=UA&SID=%224CgsL9MYds1JMuSnBOV%22&search_mode=GeneralSearch&prID=23cf91b1-e1f6-4864-848e-eb4108b7a4f1,"=HYPERLINK(""C:\Users\eager55\Desktop\webScrape\searchWoK\searchWoKResults\sulfides\Ba2MnS3.png"",""Word Cloud"")"

"=HYPERLINK(""http://www.sciencedirect.com/science/article/pii/S0022459612002447"",""metal(1)"")","=HYPERLINK(""http://onlinelibrary.wiley.com/doi/10.1002/asia.201301495/abstract;jsessionid=F7DD9D962F744A661D33196E06C45175.f03t02"",""metal(2)"")","=HYPERLINK(""http://pubs.acs.org/doi/abs/10.1021/ic201773e"",""metal(2)"")"
"=HYPERLINK(""http://onlinelibrary.wiley.com/doi/10.1002/asia.201301495/abstract;jsessionid=F7DD9D962F744A661D33196E06C45175.f03t02"",""DFT(1)"")"


KCrS2,3 publications,trigonal,166  spacegroup,1.1612  band gap,http://apps.webofknowledge.com/Search.do?product=UA&SID=%222B2zr9ZBcbhW2FTqDqr%22&search_mode=GeneralSearch&prID=47a1d569-457d-411f-894a-d441fe6f060e,"=HYPERLINK(""C:\Users\eager55\Desktop\webScrape\searchWoK\searchWoKResults\sulfides\KCrS2.png"",""Word Cloud"")"

"=HYPERLINK(""http://journals.aps.org/prb/abstract/10.1103/PhysRevB.87.014418"",""magnet(7)"")"
"=HYPERLINK(""http://journals.aps.org/prb/abstract/10.1103/PhysRevB.87.014418"",""band structure(1)"")"


K6MnS4,0 publications,hexagonal,186  spacegroup,1.3035  band gap,http://apps.webofknowledge.com/UA_GeneralSearch_input.do?SID=%223CKJFLplqh42PcrPiXg%22&product=UA&search_mode=GeneralSearch&errorQid=1,"=HYPERLINK(""C:\Users\eager55\Desktop\webScrape\searchWoK\searchWoKResults\sulfides\K6MnS4.png"",""Word Cloud"")"



LaCuS2,9 publications,monoclinic,14  spacegroup,1.4759  band gap,http://apps.webofknowledge.com/Search.do?product=UA&SID=%224ESerdnuzPHZ1hFWTQV%22&search_mode=GeneralSearch&prID=240ab313-fbc2-4d04-9b74-955818ee2795,"=HYPERLINK(""C:\Users\eager55\Desktop\webScrape\searchWoK\searchWoKResults\sulfides\LaCuS2.png"",""Word Cloud"")"

"=HYPERLINK(""http://pubs.acs.org/doi/abs/10.1021/ic990835e"",""conduct(1)"")","=HYPERLINK(""http://www.sciencedirect.com/science/article/pii/S0022459603006431"",""conduct(2)"")"
"=HYPERLINK(""http://pubs.acs.org/doi/abs/10.1021/ic990835e"",""metal(1)"")","=HYPERLINK(""http://www.sciencedirect.com/science/article/pii/S0925838805013368"",""metal(1)"")"
"=HYPERLINK(""http://www.sciencedirect.com/science/article/pii/S0022459603006431"",""magnet(2)"")"
"=HYPERLINK(""http://pubs.acs.org/doi/abs/10.1021/ic990835e"",""\d K(3)"")","=HYPERLINK(""http://www.sciencedirect.com/science/article/pii/S0022459603006431"",""\d K(1)"")","=HYPERLINK(""N/A"",""\d K(1)"")","=HYPERLINK(""http://www.sciencedirect.com/science/article/pii/S0025540801005864"",""\d K(1)"")","=HYPERLINK(""http://www.sciencedirect.com/science/article/pii/S0925838805013368"",""\d K(3)"")","=HYPERLINK(""http://www.sciencedirect.com/science/article/pii/S0272884206001192"",""\d K(1)"")"
"=HYPERLINK(""http://pubs.acs.org/doi/abs/10.1021/ic990835e"",""band structure(1)"")","=HYPERLINK(""http://www.sciencedirect.com/science/article/pii/S0272884206001192"",""band structure(1)"")"
"=HYPERLINK(""http://www.sciencedirect.com/science/article/pii/S0022459603006431"",""susceptibility(1)"")"


K3VS4,5 publications,orthorhombic,62  spacegroup,1.583  band gap,http://apps.webofknowledge.com/Search.do?product=UA&SID=%222BHc8DKZXrTGPbmVC81%22&search_mode=GeneralSearch&prID=62869dfc-d908-427c-8bb0-01255a26831d,"=HYPERLINK(""C:\Users\eager55\Desktop\webScrape\searchWoK\searchWoKResults\sulfides\K3VS4.png"",""Word Cloud"")"

"=HYPERLINK(""N/A"",""metal(2)"")"


YCuS2,3 publications,"orthorhombic, orthorhombic","19, 62  spacegroup","1.5972, 1.5967  band gap",http://apps.webofknowledge.com/Search.do?product=UA&SID=%222BLAtCDfet5vm8cf9gH%22&search_mode=GeneralSearch&prID=433d8d26-bdb2-4b9e-b303-c9b752b593f9,"=HYPERLINK(""C:\Users\eager55\Desktop\webScrape\searchWoK\searchWoKResults\sulfides\YCuS2.png"",""Word Cloud"")"

"=HYPERLINK(""http://www.sciencedirect.com/science/article/pii/S0925838805012430"",""\d K(1)"")","=HYPERLINK(""N/A"",""\d K(1)"")"


La2CuS4,3 publications,monoclinic,14  spacegroup,1.6292  band gap,http://apps.webofknowledge.com/Search.do?product=UA&SID=%224DnPPnUj2lIv9ypQIXU%22&search_mode=GeneralSearch&prID=192ef6b0-699b-4944-9175-f9d6e3a77618,"=HYPERLINK(""C:\Users\eager55\Desktop\webScrape\searchWoK\searchWoKResults\sulfides\La2CuS4.png"",""Word Cloud"")"

"=HYPERLINK(""N/A"",""superconduct(3)"")"
"=HYPERLINK(""http://www.sciencedirect.com/science/article/pii/S0921452697003384"",""conduct(1)"")","=HYPERLINK(""N/A"",""conduct(4)"")"
"=HYPERLINK(""http://www.sciencedirect.com/science/article/pii/S0921452697003384"",""resist(1)"")"
"=HYPERLINK(""http://www.sciencedirect.com/science/article/pii/S0921452697003384"",""metal(6)"")"
"=HYPERLINK(""http://www.sciencedirect.com/science/article/pii/S0921452697003384"",""insulator(1)"")","=HYPERLINK(""N/A"",""insulator(5)"")"
"=HYPERLINK(""http://www.sciencedirect.com/science/article/pii/S0921452697003384"",""magnet(1)"")"
"=HYPERLINK(""http://www.sciencedirect.com/science/article/pii/S0921452697003384"",""\d K(2)"")"
"=HYPERLINK(""http://www.sciencedirect.com/science/article/pii/S0921452697003384"",""susceptibility(1)"")"


KCuS,19 publications,orthorhombic,62  spacegroup,1.8615  band gap,http://apps.webofknowledge.com/Search.do?product=UA&SID=%222EGcRtAnJTYzs4pS2ZC%22&search_mode=GeneralSearch&prID=e5cece72-d7a6-41f2-b2f4-2900a4337659,"=HYPERLINK(""C:\Users\eager55\Desktop\webScrape\searchWoK\searchWoKResults\sulfides\KCuS.png"",""Word Cloud"")"

"=HYPERLINK(""N/A"",""conduct(2)"")","=HYPERLINK(""N/A"",""conduct(1)"")"
"=HYPERLINK(""http://www.sciencedirect.com/science/article/pii/S0003267099002858"",""metal(7)"")"
"=HYPERLINK(""N/A"",""magnet(1)"")"
"=HYPERLINK(""N/A"",""\d K(2)"")","=HYPERLINK(""N/A"",""\d K(2)"")","=HYPERLINK(""N/A"",""\d K(2)"")"


